path,size_bytes,size_human,git_state,category
.gitnexus/branches/feat_v08-05c-e1-wecom-customer-mapping-mock-domain-20260713-1f2f7b61/lbug,146313216,139.54 MB,other,other
.gitnexus/branches/main-0d6e4079/lbug,143409152,136.77 MB,other,other
.gitnexus/branches/feat_v08-05b-b2-mock-provider-contract-01-caeb6fa6/lbug,143392768,136.75 MB,other,other
.gitnexus/branches/feat_v08-05a-production-channel-readiness-guard-01-27a36bfd/lbug,141340672,134.79 MB,other,other
.gitnexus/lbug,109744128,104.66 MB,other,other
.gitnexus/parse-cache/60e3484ab64419e6b4647941831e6abf93b9497a57616538ac700f89f3b47736.json,22974627,21.91 MB,other,other
.gitnexus/parse-cache/79e77c0c20d3b960fd3449f79dd9c1d3e473f50abc1e5df0b22ea5040888c14c.json,22065036,21.04 MB,other,other
.gitnexus/parse-cache/fb06342ff247f56d03853655fc9fccc6d844f8a43c45f7d4ec89da1ea0a2e76f.json,21550512,20.55 MB,other,other
.gitnexus/parse-cache/94ec18d81284b447badc4a7ee77b455d96052a5693813ac5bfd2c522baa70e2d.json,13512855,12.89 MB,other,other
.gitnexus/parsedfile-cache/fb06342ff247f56d03853655fc9fccc6d844f8a43c45f7d4ec89da1ea0a2e76f/fb06342ff247f56d03853655fc9fccc6d844f8a43c45f7d4ec89da1ea0a2e76f-w5-1.json,6424899,6.13 MB,other,other
.gitnexus/parsedfile-cache/79e77c0c20d3b960fd3449f79dd9c1d3e473f50abc1e5df0b22ea5040888c14c/79e77c0c20d3b960fd3449f79dd9c1d3e473f50abc1e5df0b22ea5040888c14c-w5-1.json,6131705,5.85 MB,other,other
.gitnexus/parsedfile-cache/94ec18d81284b447badc4a7ee77b455d96052a5693813ac5bfd2c522baa70e2d/94ec18d81284b447badc4a7ee77b455d96052a5693813ac5bfd2c522baa70e2d-w3-1.json,6081464,5.80 MB,other,other
.gitnexus/parsedfile-cache/79e77c0c20d3b960fd3449f79dd9c1d3e473f50abc1e5df0b22ea5040888c14c/79e77c0c20d3b960fd3449f79dd9c1d3e473f50abc1e5df0b22ea5040888c14c-w3-1.json,5946531,5.67 MB,other,other
.gitnexus/parsedfile-cache/60e3484ab64419e6b4647941831e6abf93b9497a57616538ac700f89f3b47736/60e3484ab64419e6b4647941831e6abf93b9497a57616538ac700f89f3b47736-w5-1.json,5943816,5.67 MB,other,other
.gitnexus/parsedfile-cache/60e3484ab64419e6b4647941831e6abf93b9497a57616538ac700f89f3b47736/60e3484ab64419e6b4647941831e6abf93b9497a57616538ac700f89f3b47736-w4-2.json,5827185,5.56 MB,other,other
.gitnexus/parsedfile-cache/79e77c0c20d3b960fd3449f79dd9c1d3e473f50abc1e5df0b22ea5040888c14c/79e77c0c20d3b960fd3449f79dd9c1d3e473f50abc1e5df0b22ea5040888c14c-w4-0.json,5751564,5.49 MB,other,other
.gitnexus/parsedfile-cache/60e3484ab64419e6b4647941831e6abf93b9497a57616538ac700f89f3b47736/60e3484ab64419e6b4647941831e6abf93b9497a57616538ac700f89f3b47736-w3-1.json,5679969,5.42 MB,other,other
.gitnexus/parsedfile-cache/79e77c0c20d3b960fd3449f79dd9c1d3e473f50abc1e5df0b22ea5040888c14c/79e77c0c20d3b960fd3449f79dd9c1d3e473f50abc1e5df0b22ea5040888c14c-w2-2.json,5674027,5.41 MB,other,other
.gitnexus/parsedfile-cache/60e3484ab64419e6b4647941831e6abf93b9497a57616538ac700f89f3b47736/60e3484ab64419e6b4647941831e6abf93b9497a57616538ac700f89f3b47736-w4-0.json,5620231,5.36 MB,other,other
.gitnexus/parsedfile-cache/fb06342ff247f56d03853655fc9fccc6d844f8a43c45f7d4ec89da1ea0a2e76f/fb06342ff247f56d03853655fc9fccc6d844f8a43c45f7d4ec89da1ea0a2e76f-w2-1.json,5616116,5.36 MB,other,other
.gitnexus/parsedfile-cache/fb06342ff247f56d03853655fc9fccc6d844f8a43c45f7d4ec89da1ea0a2e76f/fb06342ff247f56d03853655fc9fccc6d844f8a43c45f7d4ec89da1ea0a2e76f-w5-0.json,5551234,5.29 MB,other,other
.gitnexus/parsedfile-cache/fb06342ff247f56d03853655fc9fccc6d844f8a43c45f7d4ec89da1ea0a2e76f/fb06342ff247f56d03853655fc9fccc6d844f8a43c45f7d4ec89da1ea0a2e76f-w4-0.json,5485713,5.23 MB,other,other
.gitnexus/parsedfile-cache/94ec18d81284b447badc4a7ee77b455d96052a5693813ac5bfd2c522baa70e2d/94ec18d81284b447badc4a7ee77b455d96052a5693813ac5bfd2c522baa70e2d-w2-0.json,5454977,5.20 MB,other,other
.gitnexus/parsedfile-cache/60e3484ab64419e6b4647941831e6abf93b9497a57616538ac700f89f3b47736/60e3484ab64419e6b4647941831e6abf93b9497a57616538ac700f89f3b47736-w1-0.json,5349103,5.10 MB,other,other
.gitnexus/parsedfile-cache/79e77c0c20d3b960fd3449f79dd9c1d3e473f50abc1e5df0b22ea5040888c14c/79e77c0c20d3b960fd3449f79dd9c1d3e473f50abc1e5df0b22ea5040888c14c-w1-0.json,5322089,5.08 MB,other,other
.gitnexus/parsedfile-cache/fb06342ff247f56d03853655fc9fccc6d844f8a43c45f7d4ec89da1ea0a2e76f/fb06342ff247f56d03853655fc9fccc6d844f8a43c45f7d4ec89da1ea0a2e76f-w1-0.json,5301209,5.06 MB,other,other
.gitnexus/parsedfile-cache/60e3484ab64419e6b4647941831e6abf93b9497a57616538ac700f89f3b47736/60e3484ab64419e6b4647941831e6abf93b9497a57616538ac700f89f3b47736-w5-0.json,5265102,5.02 MB,other,other
.gitnexus/parsedfile-cache/60e3484ab64419e6b4647941831e6abf93b9497a57616538ac700f89f3b47736/60e3484ab64419e6b4647941831e6abf93b9497a57616538ac700f89f3b47736-w2-1.json,5256650,5.01 MB,other,other
.gitnexus/parsedfile-cache/79e77c0c20d3b960fd3449f79dd9c1d3e473f50abc1e5df0b22ea5040888c14c/79e77c0c20d3b960fd3449f79dd9c1d3e473f50abc1e5df0b22ea5040888c14c-w5-0.json,5225829,4.98 MB,other,other
.gitnexus/parsedfile-cache/fb06342ff247f56d03853655fc9fccc6d844f8a43c45f7d4ec89da1ea0a2e76f/fb06342ff247f56d03853655fc9fccc6d844f8a43c45f7d4ec89da1ea0a2e76f-w2-2.json,5096437,4.86 MB,other,other
.gitnexus/parsedfile-cache/94ec18d81284b447badc4a7ee77b455d96052a5693813ac5bfd2c522baa70e2d/94ec18d81284b447badc4a7ee77b455d96052a5693813ac5bfd2c522baa70e2d-w3-0.json,4989724,4.76 MB,other,other
.gitnexus/parsedfile-cache/79e77c0c20d3b960fd3449f79dd9c1d3e473f50abc1e5df0b22ea5040888c14c/79e77c0c20d3b960fd3449f79dd9c1d3e473f50abc1e5df0b22ea5040888c14c-w2-1.json,4957898,4.73 MB,other,other
.gitnexus/parsedfile-cache/fb06342ff247f56d03853655fc9fccc6d844f8a43c45f7d4ec89da1ea0a2e76f/fb06342ff247f56d03853655fc9fccc6d844f8a43c45f7d4ec89da1ea0a2e76f-w3-1.json,4914207,4.69 MB,other,other
.gitnexus/parsedfile-cache/60e3484ab64419e6b4647941831e6abf93b9497a57616538ac700f89f3b47736/60e3484ab64419e6b4647941831e6abf93b9497a57616538ac700f89f3b47736-w4-1.json,4784781,4.56 MB,other,other
.gitnexus/parsedfile-cache/94ec18d81284b447badc4a7ee77b455d96052a5693813ac5bfd2c522baa70e2d/94ec18d81284b447badc4a7ee77b455d96052a5693813ac5bfd2c522baa70e2d-w1-2.json,4718416,4.50 MB,other,other
.gitnexus/parsedfile-cache/60e3484ab64419e6b4647941831e6abf93b9497a57616538ac700f89f3b47736/60e3484ab64419e6b4647941831e6abf93b9497a57616538ac700f89f3b47736-w3-2.json,4701083,4.48 MB,other,other
.gitnexus/parsedfile-cache/60e3484ab64419e6b4647941831e6abf93b9497a57616538ac700f89f3b47736/60e3484ab64419e6b4647941831e6abf93b9497a57616538ac700f89f3b47736-w1-2.json,4480778,4.27 MB,other,other
.gitnexus/parsedfile-cache/fb06342ff247f56d03853655fc9fccc6d844f8a43c45f7d4ec89da1ea0a2e76f/fb06342ff247f56d03853655fc9fccc6d844f8a43c45f7d4ec89da1ea0a2e76f-w4-1.json,4375119,4.17 MB,other,other
.gitnexus/parsedfile-cache/fb06342ff247f56d03853655fc9fccc6d844f8a43c45f7d4ec89da1ea0a2e76f/fb06342ff247f56d03853655fc9fccc6d844f8a43c45f7d4ec89da1ea0a2e76f-w3-0.json,4313915,4.11 MB,other,other
.gitnexus/parsedfile-cache/94ec18d81284b447badc4a7ee77b455d96052a5693813ac5bfd2c522baa70e2d/94ec18d81284b447badc4a7ee77b455d96052a5693813ac5bfd2c522baa70e2d-w1-0.json,4293759,4.09 MB,other,other
.gitnexus/parsedfile-cache/94ec18d81284b447badc4a7ee77b455d96052a5693813ac5bfd2c522baa70e2d/94ec18d81284b447badc4a7ee77b455d96052a5693813ac5bfd2c522baa70e2d-w2-2.json,4195851,4.00 MB,other,other
.gitnexus/parsedfile-cache/79e77c0c20d3b960fd3449f79dd9c1d3e473f50abc1e5df0b22ea5040888c14c/79e77c0c20d3b960fd3449f79dd9c1d3e473f50abc1e5df0b22ea5040888c14c-w3-2.json,4173839,3.98 MB,other,other
.gitnexus/parsedfile-cache/94ec18d81284b447badc4a7ee77b455d96052a5693813ac5bfd2c522baa70e2d/94ec18d81284b447badc4a7ee77b455d96052a5693813ac5bfd2c522baa70e2d-w2-1.json,4162348,3.97 MB,other,other
.gitnexus/parsedfile-cache/79e77c0c20d3b960fd3449f79dd9c1d3e473f50abc1e5df0b22ea5040888c14c/79e77c0c20d3b960fd3449f79dd9c1d3e473f50abc1e5df0b22ea5040888c14c-w1-2.json,4153442,3.96 MB,other,other
.gitnexus/parsedfile-cache/79e77c0c20d3b960fd3449f79dd9c1d3e473f50abc1e5df0b22ea5040888c14c/79e77c0c20d3b960fd3449f79dd9c1d3e473f50abc1e5df0b22ea5040888c14c-w3-0.json,4147247,3.96 MB,other,other
.gitnexus/parsedfile-cache/94ec18d81284b447badc4a7ee77b455d96052a5693813ac5bfd2c522baa70e2d/94ec18d81284b447badc4a7ee77b455d96052a5693813ac5bfd2c522baa70e2d-w1-1.json,4146830,3.95 MB,other,other
.gitnexus/parsedfile-cache/60e3484ab64419e6b4647941831e6abf93b9497a57616538ac700f89f3b47736/60e3484ab64419e6b4647941831e6abf93b9497a57616538ac700f89f3b47736-w3-0.json,3989167,3.80 MB,other,other
.gitnexus/parsedfile-cache/79e77c0c20d3b960fd3449f79dd9c1d3e473f50abc1e5df0b22ea5040888c14c/79e77c0c20d3b960fd3449f79dd9c1d3e473f50abc1e5df0b22ea5040888c14c-w1-1.json,3893347,3.71 MB,other,other
.gitnexus/parsedfile-cache/fb06342ff247f56d03853655fc9fccc6d844f8a43c45f7d4ec89da1ea0a2e76f/fb06342ff247f56d03853655fc9fccc6d844f8a43c45f7d4ec89da1ea0a2e76f-w4-2.json,3669179,3.50 MB,other,other
.gitnexus/parsedfile-cache/79e77c0c20d3b960fd3449f79dd9c1d3e473f50abc1e5df0b22ea5040888c14c/79e77c0c20d3b960fd3449f79dd9c1d3e473f50abc1e5df0b22ea5040888c14c-w4-1.json,3666804,3.50 MB,other,other
.gitnexus/parsedfile-cache/fb06342ff247f56d03853655fc9fccc6d844f8a43c45f7d4ec89da1ea0a2e76f/fb06342ff247f56d03853655fc9fccc6d844f8a43c45f7d4ec89da1ea0a2e76f-w1-1.json,3566227,3.40 MB,other,other
.gitnexus/parsedfile-cache/60e3484ab64419e6b4647941831e6abf93b9497a57616538ac700f89f3b47736/60e3484ab64419e6b4647941831e6abf93b9497a57616538ac700f89f3b47736-w1-1.json,3557668,3.39 MB,other,other
.gitnexus/parsedfile-cache/fb06342ff247f56d03853655fc9fccc6d844f8a43c45f7d4ec89da1ea0a2e76f/fb06342ff247f56d03853655fc9fccc6d844f8a43c45f7d4ec89da1ea0a2e76f-w2-0.json,3317463,3.16 MB,other,other
.gitnexus/parsedfile-cache/60e3484ab64419e6b4647941831e6abf93b9497a57616538ac700f89f3b47736/60e3484ab64419e6b4647941831e6abf93b9497a57616538ac700f89f3b47736-w2-0.json,3176198,3.03 MB,other,other
.gitnexus/parsedfile-cache/79e77c0c20d3b960fd3449f79dd9c1d3e473f50abc1e5df0b22ea5040888c14c/79e77c0c20d3b960fd3449f79dd9c1d3e473f50abc1e5df0b22ea5040888c14c-w2-0.json,3106705,2.96 MB,other,other
.gitnexus/parsedfile-cache/fb06342ff247f56d03853655fc9fccc6d844f8a43c45f7d4ec89da1ea0a2e76f/fb06342ff247f56d03853655fc9fccc6d844f8a43c45f7d4ec89da1ea0a2e76f-w1-2.json,2966162,2.83 MB,other,other
public/homepage/luxury-clinic-bg.png,1618164,1.54 MB,tracked,public
public/homepage/zmtg-luxury-clinic-bg.png,1618164,1.54 MB,tracked,public
docs/design/tenant-account-plan-entitlement/images/v11-06-create-tenant-step3.png,1244479,1.19 MB,tracked,docs
docs/design/tenant-account-plan-entitlement/images/v11-01-tenant-overview-list.png,1225310,1.17 MB,tracked,docs
docs/design/tenant-account-plan-entitlement/images/v11-03-tenant-detail-snapshot.png,1221198,1.16 MB,tracked,docs
docs/design/tenant-account-plan-entitlement/images/v11-08-authorization-risk.png,1194212,1.14 MB,tracked,docs
docs/design/tenant-account-plan-entitlement/images/v11-02-filtered-risk-list.png,1174541,1.12 MB,tracked,docs
docs/design/tenant-account-plan-entitlement/images/v11-05-create-tenant-step2.png,1126452,1.07 MB,tracked,docs
