path,route_url,version_class,api_version,domain,family_key,http_methods,method_count,dynamic_segment_count,dynamic_segments,runtime_reference_file_count,test_reference_file_count,script_reference_file_count,runtime_reference_files,test_reference_files,script_reference_files,classification_scope,matrix_presence,current_category,current_recommended_action,current_recommended_target,current_risk,current_phase,current_manual_review_required,current_status,proposal_required,proposed_action,proposal_reason,move_now,migration_ready
src/app/api/auth/login/route.ts,/api/auth/login,unversioned,unversioned,auth,/api/auth/login,POST,1,0,,1,2,0,src/modules/auth/components/ConfiguredLoginPages.tsx,src/modules/auth/tests/DemoAuthRoutes.test.ts；src/modules/auth/tests/FormalAuthRoutes.test.ts,,phase11_candidate,present,api-route,API_VERSION_REVIEW,src/app/api/v1/<scope>/,high,9,yes,pending,no,unchanged,已纳入第十一阶段 API_VERSION_REVIEW 候选,no,no
src/app/api/auth/logout/route.ts,/api/auth/logout,unversioned,unversioned,auth,/api/auth/logout,POST,1,0,,1,2,0,src/modules/auth/components/LogoutButton.tsx,src/modules/auth/tests/DemoAuthRoutes.test.ts；src/modules/auth/tests/FormalAuthRoutes.test.ts,,phase11_candidate,present,api-route,API_VERSION_REVIEW,src/app/api/v1/<scope>/,high,9,yes,pending,no,unchanged,已纳入第十一阶段 API_VERSION_REVIEW 候选,no,no
src/app/api/auth/session/route.ts,/api/auth/session,unversioned,unversioned,auth,/api/auth/session,GET,1,0,,2,5,0,src/modules/auth/components/DemoSessionGate.tsx；src/modules/workspace/components/InstitutionWorkspace.tsx,src/modules/auth/tests/DemoAuthRoutes.test.ts；src/modules/auth/tests/FormalAuthRoutes.test.ts；src/modules/institution/tests/WeComCustomerMappingCandidatesReadonlyPanel.test.tsx；src/modules/workspace/tests/V1ReadonlyDemoGateAcceptance.test.tsx；src/modules/workspace/tests/WorkspaceEntryPages.test.tsx,,phase11_candidate,present,api-route,API_VERSION_REVIEW,src/app/api/v1/<scope>/,high,9,yes,pending,no,unchanged,已纳入第十一阶段 API_VERSION_REVIEW 候选,no,no
src/app/api/institution/ai-service-usage/route.ts,/api/institution/ai-service-usage,unversioned,unversioned,institution,/api/institution/ai-service-usage,GET,1,0,,1,3,0,src/modules/institution/client/institution-ai-service-usage-client.ts,src/modules/institution/tests/InstitutionAiServiceUsageApiRoute.test.ts；src/modules/institution/tests/InstitutionAiServiceUsageService.test.ts；src/modules/workspace/tests/WorkspaceEntryPages.test.tsx,,phase11_candidate,present,institution-app,API_VERSION_REVIEW,src/app/api/v1/<scope>/,high,9,yes,pending,no,unchanged,已纳入第十一阶段 API_VERSION_REVIEW 候选,no,no
src/app/api/institution/appointments/route.ts,/api/institution/appointments,unversioned,unversioned,institution,/api/institution/appointments,GET；PATCH；POST,3,0,,1,7,0,src/modules/institution/client/tenant-business-client.ts,src/modules/institution/tests/CareMutationAccessibility.test.tsx；src/modules/institution/tests/InstitutionBusinessShells.test.tsx；src/modules/institution/tests/TenantBusinessApiRoutes.test.ts；src/modules/institution/tests/TenantBusinessClient.test.ts；src/modules/knowledge-base/tests/V1KnowledgeBaseMvpE2EAcceptance.test.ts；src/modules/workspace/tests/V1ReadonlyDemoGateAcceptance.test.tsx；src/modules/workspace/tests/WorkspaceEntryPages.test.tsx,,phase11_candidate,present,institution-app,API_VERSION_REVIEW,src/app/api/v1/<scope>/,high,9,yes,pending,no,unchanged,已纳入第十一阶段 API_VERSION_REVIEW 候选,no,no
src/app/api/institution/audit-events/route.ts,/api/institution/audit-events,unversioned,unversioned,institution,/api/institution/audit-events,GET,1,0,,1,4,0,src/modules/audit/client/institution-audit-events-client.ts,src/modules/audit/tests/InstitutionAuditEventsApiRoute.test.ts；src/modules/institution/tests/InstitutionBusinessShells.test.tsx；src/modules/workspace/tests/V1ReadonlyDemoGateAcceptance.test.tsx；src/modules/workspace/tests/WorkspaceEntryPages.test.tsx,,phase11_candidate,present,institution-app,API_VERSION_REVIEW,src/app/api/v1/<scope>/,high,9,yes,pending,no,unchanged,已纳入第十一阶段 API_VERSION_REVIEW 候选,no,no
src/app/api/institution/customers/[customerId]/followup-feedback/route.ts,/api/institution/customers/[customerId]/followup-feedback,unversioned,unversioned,institution,/api/institution/customers/[customerId]/followup-feedback,POST,1,1,customerId,1,2,0,src/modules/institution/client/tenant-business-client.ts,src/modules/institution/tests/CustomerFollowUpFeedbackApiRoute.test.ts；src/modules/institution/tests/TenantBusinessClient.test.ts,,phase11_candidate,present,institution-app,API_VERSION_REVIEW,src/app/api/v1/<scope>/,high,9,yes,pending,no,unchanged,已纳入第十一阶段 API_VERSION_REVIEW 候选,no,no
src/app/api/institution/customers/[customerId]/followup-overview/route.ts,/api/institution/customers/[customerId]/followup-overview,unversioned,unversioned,institution,/api/institution/customers/[customerId]/followup-overview,GET,1,1,customerId,1,1,0,src/modules/institution/client/tenant-business-client.ts,src/modules/institution/tests/CustomerFollowUpOverviewApiRoute.test.ts,,phase11_candidate,present,institution-app,API_VERSION_REVIEW,src/app/api/v1/<scope>/,high,9,yes,pending,no,unchanged,已纳入第十一阶段 API_VERSION_REVIEW 候选,no,no
src/app/api/institution/customers/[customerId]/followup-timeline/route.ts,/api/institution/customers/[customerId]/followup-timeline,unversioned,unversioned,institution,/api/institution/customers/[customerId]/followup-timeline,GET,1,1,customerId,1,1,0,src/modules/institution/client/tenant-business-client.ts,src/modules/institution/tests/CustomerFollowUpTimelineApiRoute.test.ts,,phase11_candidate,present,institution-app,API_VERSION_REVIEW,src/app/api/v1/<scope>/,high,9,yes,pending,no,unchanged,已纳入第十一阶段 API_VERSION_REVIEW 候选,no,no
src/app/api/institution/customers/[customerId]/timeline/route.ts,/api/institution/customers/[customerId]/timeline,unversioned,unversioned,institution,/api/institution/customers/[customerId]/timeline,GET,1,1,customerId,1,4,0,src/modules/institution/client/tenant-business-client.ts,src/modules/institution/tests/CustomerTimelineApiRoutes.test.ts；src/modules/institution/tests/InstitutionBusinessShells.test.tsx；src/modules/institution/tests/TenantBusinessClient.test.ts；src/modules/workspace/tests/WorkspaceEntryPages.test.tsx,,phase11_candidate,present,institution-app,API_VERSION_REVIEW,src/app/api/v1/<scope>/,high,9,yes,pending,no,unchanged,已纳入第十一阶段 API_VERSION_REVIEW 候选,no,no
src/app/api/institution/customers/[customerId]/treatment-summaries/route.ts,/api/institution/customers/[customerId]/treatment-summaries,unversioned,unversioned,institution,/api/institution/customers/[customerId]/treatment-summaries,POST,1,1,customerId,1,6,0,src/modules/institution/client/tenant-business-client.ts,src/modules/institution/tests/InstitutionBusinessShells.test.tsx；src/modules/institution/tests/TenantBusinessClient.test.ts；src/modules/institution/tests/TreatmentSummaryApiRoutes.test.ts；src/modules/institution/tests/TreatmentSummaryCreateApiRoute.test.ts；src/modules/institution/tests/TreatmentSummaryDomain.test.ts；src/modules/workspace/tests/WorkspaceEntryPages.test.tsx,,phase11_candidate,present,institution-app,API_VERSION_REVIEW,src/app/api/v1/<scope>/,high,9,yes,pending,no,unchanged,已纳入第十一阶段 API_VERSION_REVIEW 候选,no,no
src/app/api/institution/customers/[customerId]/wecom-reachout-safety/route.ts,/api/institution/customers/[customerId]/wecom-reachout-safety,unversioned,unversioned,institution,/api/institution/customers/[customerId]/wecom-reachout-safety,GET；POST,2,1,customerId,1,1,0,src/modules/institution/client/trusted-reachout-safety-client.ts,src/modules/institution/tests/TrustedReachOutSafetyApiRoute.test.ts,,phase11_candidate,present,institution-app,API_VERSION_REVIEW,src/app/api/v1/<scope>/,high,9,yes,pending,no,unchanged,已纳入第十一阶段 API_VERSION_REVIEW 候选,no,no
src/app/api/institution/customers/import/route.ts,/api/institution/customers/import,unversioned,unversioned,institution,/api/institution/customers/import,POST；PUT,2,0,,1,2,0,src/modules/institution/client/tenant-business-client.ts,src/modules/institution/tests/CustomerImportApiRoute.test.ts；src/modules/institution/tests/InstitutionBusinessShells.test.tsx,,phase11_candidate,present,institution-app,API_VERSION_REVIEW,src/app/api/v1/<scope>/,high,9,yes,pending,no,unchanged,已纳入第十一阶段 API_VERSION_REVIEW 候选,no,no
src/app/api/institution/customers/route.ts,/api/institution/customers,unversioned,unversioned,institution,/api/institution/customers,GET；PATCH；POST,3,0,,2,16,0,src/modules/institution/client/tenant-business-client.ts；src/modules/institution/client/trusted-reachout-safety-client.ts,src/modules/institution/tests/CareMutationAccessibility.test.tsx；src/modules/institution/tests/CustomerFollowUpFeedbackApiRoute.test.ts；src/modules/institution/tests/CustomerFollowUpOverviewApiRoute.test.ts；src/modules/institution/tests/CustomerFollowUpTimelineApiRoute.test.ts；src/modules/institution/tests/CustomerImportApiRoute.test.ts；src/modules/institution/tests/CustomerTimelineApiRoutes.test.ts；src/modules/institution/tests/InstitutionBusinessShells.test.tsx；src/modules/institution/tests/TenantBusinessApiRoutes.test.ts；src/modules/institution/tests/TenantBusinessClient.test.ts；src/modules/institution/tests/TreatmentSummaryApiRoutes.test.ts；src/modules/institution/tests/TreatmentSummaryCreateApiRoute.test.ts；src/modules/institution/tests/TreatmentSummaryDomain.test.ts；src/modules/institution/tests/TrustedReachOutSafetyApiRoute.test.ts；src/modules/knowledge-base/tests/V1KnowledgeBaseMvpE2EAcceptance.test.ts；src/modules/workspace/tests/V1ReadonlyDemoGateAcceptance.test.tsx；src/modules/workspace/tests/WorkspaceEntryPages.test.tsx,,phase11_candidate,present,institution-app,API_VERSION_REVIEW,src/app/api/v1/<scope>/,high,9,yes,pending,no,unchanged,已纳入第十一阶段 API_VERSION_REVIEW 候选,no,no
src/app/api/institution/dashboard-stats/route.ts,/api/institution/dashboard-stats,unversioned,unversioned,institution,/api/institution/dashboard-stats,GET,1,0,,0,1,0,,src/modules/institution/tests/DashboardStatsLegacyApiRoute.test.ts,,phase11_candidate,present,institution-app,API_VERSION_REVIEW,src/app/api/v1/<scope>/,high,9,yes,pending,no,unchanged,已纳入第十一阶段 API_VERSION_REVIEW 候选,no,no
src/app/api/institution/entitlement-usage/route.ts,/api/institution/entitlement-usage,unversioned,unversioned,institution,/api/institution/entitlement-usage,GET,1,0,,2,3,0,src/modules/institution/components/InstitutionKnowledgeReadonlyShell.tsx；src/modules/workspace/components/InstitutionWorkspace.tsx,src/modules/institution/tests/InstitutionEntitlementUsageApiRoute.test.ts；src/modules/institution/tests/InstitutionKnowledgeReadonlyShell.test.tsx；src/modules/institution/tests/WeComCustomerMappingCandidatesReadonlyPanel.test.tsx,,phase11_candidate,present,institution-app,API_VERSION_REVIEW,src/app/api/v1/<scope>/,high,9,yes,pending,no,unchanged,已纳入第十一阶段 API_VERSION_REVIEW 候选,no,no
src/app/api/institution/follow-up-path-analysis/route.ts,/api/institution/follow-up-path-analysis,unversioned,unversioned,institution,/api/institution/follow-up-path-analysis,GET,1,0,,1,4,0,src/modules/workspace/components/InstitutionWorkspace.tsx,src/modules/institution/tests/FollowUpPathAnalysisApiRoutes.test.ts；src/modules/knowledge-base/tests/V1KnowledgeBaseMvpE2EAcceptance.test.ts；src/modules/workspace/tests/V1ReadonlyDemoGateAcceptance.test.tsx；src/modules/workspace/tests/WorkspaceEntryPages.test.tsx,,phase11_candidate,present,institution-app,API_VERSION_REVIEW,src/app/api/v1/<scope>/,high,9,yes,pending,no,unchanged,已纳入第十一阶段 API_VERSION_REVIEW 候选,no,no
src/app/api/institution/followup-message-drafts/[draftId]/approve/route.ts,/api/institution/followup-message-drafts/[draftId]/approve,unversioned,unversioned,institution,/api/institution/followup-message-drafts/[draftId]/approve,POST,1,1,draftId,1,2,0,src/modules/institution/client/tenant-business-client.ts,src/modules/institution/tests/FollowUpMessageDraftApiRoutes.test.ts；src/modules/institution/tests/InstitutionBusinessShells.test.tsx,,phase11_candidate,present,institution-app,API_VERSION_REVIEW,src/app/api/v1/<scope>/,high,9,yes,pending,no,unchanged,已纳入第十一阶段 API_VERSION_REVIEW 候选,no,no
src/app/api/institution/followup-message-drafts/[draftId]/mark-sent/route.ts,/api/institution/followup-message-drafts/[draftId]/mark-sent,unversioned,unversioned,institution,/api/institution/followup-message-drafts/[draftId]/mark-sent,POST,1,1,draftId,1,2,0,src/modules/institution/client/tenant-business-client.ts,src/modules/institution/tests/FollowUpMessageDraftApiRoutes.test.ts；src/modules/institution/tests/InstitutionBusinessShells.test.tsx,,phase11_candidate,present,institution-app,API_VERSION_REVIEW,src/app/api/v1/<scope>/,high,9,yes,pending,no,unchanged,已纳入第十一阶段 API_VERSION_REVIEW 候选,no,no
src/app/api/institution/followup-message-drafts/[draftId]/reject/route.ts,/api/institution/followup-message-drafts/[draftId]/reject,unversioned,unversioned,institution,/api/institution/followup-message-drafts/[draftId]/reject,POST,1,1,draftId,1,1,0,src/modules/institution/client/tenant-business-client.ts,src/modules/institution/tests/FollowUpMessageDraftApiRoutes.test.ts,,phase11_candidate,present,institution-app,API_VERSION_REVIEW,src/app/api/v1/<scope>/,high,9,yes,pending,no,unchanged,已纳入第十一阶段 API_VERSION_REVIEW 候选,no,no
src/app/api/institution/followup-message-drafts/[draftId]/route.ts,/api/institution/followup-message-drafts/[draftId],unversioned,unversioned,institution,/api/institution/followup-message-drafts/[draftId],PATCH,1,1,draftId,1,5,0,src/modules/institution/client/tenant-business-client.ts,src/modules/institution/tests/FollowUpMessageDraftApiRoutes.test.ts；src/modules/institution/tests/InstitutionBusinessShells.test.tsx；src/modules/institution/tests/TenantBusinessClient.test.ts；src/modules/institution/tests/WeComControlledReachOutApiRoute.test.ts；src/modules/institution/tests/WeComCustomerBroadcastTaskApiRoute.test.ts,,phase11_candidate,present,institution-app,API_VERSION_REVIEW,src/app/api/v1/<scope>/,high,9,yes,pending,no,unchanged,已纳入第十一阶段 API_VERSION_REVIEW 候选,no,no
src/app/api/institution/followup-message-drafts/[draftId]/wecom-controlled-reachout/route.ts,/api/institution/followup-message-drafts/[draftId]/wecom-controlled-reachout,unversioned,unversioned,institution,/api/institution/followup-message-drafts/[draftId]/wecom-controlled-reachout,GET；POST,2,1,draftId,1,3,0,src/modules/institution/client/tenant-business-client.ts,src/modules/institution/tests/InstitutionBusinessShells.test.tsx；src/modules/institution/tests/TenantBusinessClient.test.ts；src/modules/institution/tests/WeComControlledReachOutApiRoute.test.ts,,phase11_candidate,present,institution-app,API_VERSION_REVIEW,src/app/api/v1/<scope>/,high,9,yes,pending,no,unchanged,已纳入第十一阶段 API_VERSION_REVIEW 候选,no,no
src/app/api/institution/followup-message-drafts/[draftId]/wecom-customer-broadcast-task/route.ts,/api/institution/followup-message-drafts/[draftId]/wecom-customer-broadcast-task,unversioned,unversioned,institution,/api/institution/followup-message-drafts/[draftId]/wecom-customer-broadcast-task,GET；POST,2,1,draftId,0,1,0,,src/modules/institution/tests/WeComCustomerBroadcastTaskApiRoute.test.ts,,phase11_candidate,present,institution-app,API_VERSION_REVIEW,src/app/api/v1/<scope>/,high,9,yes,pending,no,unchanged,已纳入第十一阶段 API_VERSION_REVIEW 候选,no,no
src/app/api/institution/followup-message-drafts/route.ts,/api/institution/followup-message-drafts,unversioned,unversioned,institution,/api/institution/followup-message-drafts,GET；POST,2,0,,1,6,0,src/modules/institution/client/tenant-business-client.ts,src/modules/institution/tests/CareMutationAccessibility.test.tsx；src/modules/institution/tests/FollowUpMessageDraftApiRoutes.test.ts；src/modules/institution/tests/InstitutionBusinessShells.test.tsx；src/modules/institution/tests/TenantBusinessClient.test.ts；src/modules/institution/tests/WeComControlledReachOutApiRoute.test.ts；src/modules/institution/tests/WeComCustomerBroadcastTaskApiRoute.test.ts,,phase11_candidate,present,institution-app,API_VERSION_REVIEW,src/app/api/v1/<scope>/,high,9,yes,pending,no,unchanged,已纳入第十一阶段 API_VERSION_REVIEW 候选,no,no
src/app/api/institution/followup-message-templates/route.ts,/api/institution/followup-message-templates,unversioned,unversioned,institution,/api/institution/followup-message-templates,GET,1,0,,1,1,0,src/modules/institution/client/tenant-business-client.ts,src/modules/institution/tests/FollowUpMessageDraftApiRoutes.test.ts,,phase11_candidate,present,institution-app,API_VERSION_REVIEW,src/app/api/v1/<scope>/,high,9,yes,pending,no,unchanged,已纳入第十一阶段 API_VERSION_REVIEW 候选,no,no
src/app/api/institution/followup-operations/dashboard/route.ts,/api/institution/followup-operations/dashboard,unversioned,unversioned,institution,/api/institution/followup-operations/dashboard,GET,1,0,,1,3,0,src/modules/institution/client/tenant-business-client.ts,src/modules/institution/tests/CareMutationAccessibility.test.tsx；src/modules/institution/tests/FollowUpOperationsDashboardApiRoutes.test.ts；src/modules/institution/tests/InstitutionBusinessShells.test.tsx,,phase11_candidate,present,institution-app,API_VERSION_REVIEW,src/app/api/v1/<scope>/,high,9,yes,pending,no,unchanged,已纳入第十一阶段 API_VERSION_REVIEW 候选,no,no
src/app/api/institution/followup-paths/enrollments/[enrollmentId]/cancel/route.ts,/api/institution/followup-paths/enrollments/[enrollmentId]/cancel,unversioned,unversioned,institution,/api/institution/followup-paths/enrollments/[enrollmentId]/cancel,POST,1,1,enrollmentId,1,1,0,src/modules/institution/client/tenant-business-client.ts,src/modules/institution/tests/FollowUpPathEnrollmentApiRoutes.test.ts,,phase11_candidate,present,institution-app,API_VERSION_REVIEW,src/app/api/v1/<scope>/,high,9,yes,pending,no,unchanged,已纳入第十一阶段 API_VERSION_REVIEW 候选,no,no
src/app/api/institution/followup-paths/enrollments/[enrollmentId]/route.ts,/api/institution/followup-paths/enrollments/[enrollmentId],unversioned,unversioned,institution,/api/institution/followup-paths/enrollments/[enrollmentId],GET,1,1,enrollmentId,1,1,0,src/modules/institution/client/tenant-business-client.ts,src/modules/institution/tests/FollowUpPathEnrollmentApiRoutes.test.ts,,phase11_candidate,present,institution-app,API_VERSION_REVIEW,src/app/api/v1/<scope>/,high,9,yes,pending,no,unchanged,已纳入第十一阶段 API_VERSION_REVIEW 候选,no,no
src/app/api/institution/followup-paths/enrollments/route.ts,/api/institution/followup-paths/enrollments,unversioned,unversioned,institution,/api/institution/followup-paths/enrollments,GET；POST,2,0,,1,4,0,src/modules/institution/client/tenant-business-client.ts,src/modules/institution/tests/CareMutationAccessibility.test.tsx；src/modules/institution/tests/FollowUpOperationsDashboardApiRoutes.test.ts；src/modules/institution/tests/FollowUpPathEnrollmentApiRoutes.test.ts；src/modules/institution/tests/InstitutionBusinessShells.test.tsx,,phase11_candidate,present,institution-app,API_VERSION_REVIEW,src/app/api/v1/<scope>/,high,9,yes,pending,no,unchanged,已纳入第十一阶段 API_VERSION_REVIEW 候选,no,no
src/app/api/institution/followup-paths/templates/route.ts,/api/institution/followup-paths/templates,unversioned,unversioned,institution,/api/institution/followup-paths/templates,GET,1,0,,0,1,0,,src/modules/institution/tests/FollowUpPathEnrollmentApiRoutes.test.ts,,phase11_candidate,present,institution-app,API_VERSION_REVIEW,src/app/api/v1/<scope>/,high,9,yes,pending,no,unchanged,已纳入第十一阶段 API_VERSION_REVIEW 候选,no,no
src/app/api/institution/followups/route.ts,/api/institution/followups,unversioned,unversioned,institution,/api/institution/followups,GET；PATCH；POST,3,0,,2,9,0,src/modules/institution/client/tenant-business-client.ts；src/modules/institution/components/CustomerTimelineDrawer.tsx,src/modules/institution/tests/CareMutationAccessibility.test.tsx；src/modules/institution/tests/FollowUpOperationsDashboardApiRoutes.test.ts；src/modules/institution/tests/InstitutionBusinessShells.test.tsx；src/modules/institution/tests/TenantBusinessApiRoutes.test.ts；src/modules/institution/tests/TenantBusinessClient.test.ts；src/modules/institution/tests/TreatmentSummaryManagementShell.test.tsx；src/modules/knowledge-base/tests/V1KnowledgeBaseMvpE2EAcceptance.test.ts；src/modules/workspace/tests/V1ReadonlyDemoGateAcceptance.test.tsx；src/modules/workspace/tests/WorkspaceEntryPages.test.tsx,,phase11_candidate,present,institution-app,API_VERSION_REVIEW,src/app/api/v1/<scope>/,high,9,yes,pending,no,unchanged,已纳入第十一阶段 API_VERSION_REVIEW 候选,no,no
src/app/api/institution/his-connections/[connectionId]/credentials/clear/route.ts,/api/institution/his-connections/[connectionId]/credentials/clear,unversioned,unversioned,institution,/api/institution/his-connections/[connectionId]/credentials/clear,POST,1,1,connectionId,0,1,0,,src/modules/institution/tests/HisConnectionCredentialApiRoutes.test.ts,,phase11_candidate,present,institution-app,API_VERSION_REVIEW,src/app/api/v1/<scope>/,high,9,yes,pending,no,unchanged,已纳入第十一阶段 API_VERSION_REVIEW 候选,no,no
src/app/api/institution/his-connections/[connectionId]/credentials/revoke/route.ts,/api/institution/his-connections/[connectionId]/credentials/revoke,unversioned,unversioned,institution,/api/institution/his-connections/[connectionId]/credentials/revoke,POST,1,1,connectionId,0,1,0,,src/modules/institution/tests/HisConnectionCredentialApiRoutes.test.ts,,phase11_candidate,present,institution-app,API_VERSION_REVIEW,src/app/api/v1/<scope>/,high,9,yes,pending,no,unchanged,已纳入第十一阶段 API_VERSION_REVIEW 候选,no,no
src/app/api/institution/his-connections/[connectionId]/credentials/rotate/route.ts,/api/institution/his-connections/[connectionId]/credentials/rotate,unversioned,unversioned,institution,/api/institution/his-connections/[connectionId]/credentials/rotate,POST,1,1,connectionId,0,1,0,,src/modules/institution/tests/HisConnectionCredentialApiRoutes.test.ts,,phase11_candidate,present,institution-app,API_VERSION_REVIEW,src/app/api/v1/<scope>/,high,9,yes,pending,no,unchanged,已纳入第十一阶段 API_VERSION_REVIEW 候选,no,no
src/app/api/institution/his-connections/[connectionId]/credentials/route.ts,/api/institution/his-connections/[connectionId]/credentials,unversioned,unversioned,institution,/api/institution/his-connections/[connectionId]/credentials,PATCH；POST,2,1,connectionId,3,1,0,src/app/api/institution/his-connections/[connectionId]/credentials/clear/route.ts；src/app/api/institution/his-connections/[connectionId]/credentials/revoke/route.ts；src/app/api/institution/his-connections/[connectionId]/credentials/rotate/route.ts,src/modules/institution/tests/HisConnectionCredentialApiRoutes.test.ts,,phase11_candidate,present,institution-app,API_VERSION_REVIEW,src/app/api/v1/<scope>/,high,9,yes,pending,no,unchanged,已纳入第十一阶段 API_VERSION_REVIEW 候选,no,no
src/app/api/institution/his-connections/[connectionId]/pause/route.ts,/api/institution/his-connections/[connectionId]/pause,unversioned,unversioned,institution,/api/institution/his-connections/[connectionId]/pause,POST,1,1,connectionId,0,1,0,,src/modules/institution/tests/HisConnectionApiRoutes.test.ts,,phase11_candidate,present,institution-app,API_VERSION_REVIEW,src/app/api/v1/<scope>/,high,9,yes,pending,no,unchanged,已纳入第十一阶段 API_VERSION_REVIEW 候选,no,no
src/app/api/institution/his-connections/[connectionId]/resume/route.ts,/api/institution/his-connections/[connectionId]/resume,unversioned,unversioned,institution,/api/institution/his-connections/[connectionId]/resume,POST,1,1,connectionId,0,1,0,,src/modules/institution/tests/HisConnectionApiRoutes.test.ts,,phase11_candidate,present,institution-app,API_VERSION_REVIEW,src/app/api/v1/<scope>/,high,9,yes,pending,no,unchanged,已纳入第十一阶段 API_VERSION_REVIEW 候选,no,no
src/app/api/institution/his-connections/[connectionId]/revoke/route.ts,/api/institution/his-connections/[connectionId]/revoke,unversioned,unversioned,institution,/api/institution/his-connections/[connectionId]/revoke,POST,1,1,connectionId,0,1,0,,src/modules/institution/tests/HisConnectionApiRoutes.test.ts,,phase11_candidate,present,institution-app,API_VERSION_REVIEW,src/app/api/v1/<scope>/,high,9,yes,pending,no,unchanged,已纳入第十一阶段 API_VERSION_REVIEW 候选,no,no
src/app/api/institution/his-connections/[connectionId]/route.ts,/api/institution/his-connections/[connectionId],unversioned,unversioned,institution,/api/institution/his-connections/[connectionId],DELETE；GET；PATCH,3,1,connectionId,5,5,0,src/app/api/institution/his-connections/[connectionId]/credentials/clear/route.ts；src/app/api/institution/his-connections/[connectionId]/credentials/revoke/route.ts；src/app/api/institution/his-connections/[connectionId]/credentials/rotate/route.ts；src/app/api/institution/his-connections/[connectionId]/credentials/route.ts；src/modules/institution/components/HisConnectionReadOnlyPanel.tsx,src/modules/institution/tests/HisConnectionApiRoutes.test.ts；src/modules/institution/tests/HisConnectionCredentialApiRoutes.test.ts；src/modules/institution/tests/HisConnectionReadOnlyPanel.test.tsx；src/modules/institution/tests/HisConnectionTestConnectionApiRoute.test.ts；src/modules/workspace/tests/WorkspaceEntryPages.test.tsx,,phase11_candidate,present,institution-app,API_VERSION_REVIEW,src/app/api/v1/<scope>/,high,9,yes,pending,no,unchanged,已纳入第十一阶段 API_VERSION_REVIEW 候选,no,no
src/app/api/institution/his-connections/[connectionId]/test-connection/route.ts,/api/institution/his-connections/[connectionId]/test-connection,unversioned,unversioned,institution,/api/institution/his-connections/[connectionId]/test-connection,POST,1,1,connectionId,0,1,0,,src/modules/institution/tests/HisConnectionTestConnectionApiRoute.test.ts,,phase11_candidate,present,institution-app,API_VERSION_REVIEW,src/app/api/v1/<scope>/,high,9,yes,pending,no,unchanged,已纳入第十一阶段 API_VERSION_REVIEW 候选,no,no
src/app/api/institution/his-connections/route.ts,/api/institution/his-connections,unversioned,unversioned,institution,/api/institution/his-connections,GET；POST,2,0,,5,6,0,src/app/api/institution/his-connections/[connectionId]/credentials/clear/route.ts；src/app/api/institution/his-connections/[connectionId]/credentials/revoke/route.ts；src/app/api/institution/his-connections/[connectionId]/credentials/rotate/route.ts；src/app/api/institution/his-connections/[connectionId]/credentials/route.ts；src/modules/institution/components/HisConnectionReadOnlyPanel.tsx,src/modules/institution/tests/HisConnectionApiRoutes.test.ts；src/modules/institution/tests/HisConnectionCredentialApiRoutes.test.ts；src/modules/institution/tests/HisConnectionReadOnlyPanel.test.tsx；src/modules/institution/tests/HisConnectionTestConnectionApiRoute.test.ts；src/modules/workspace/tests/V1ReadonlyDemoGateAcceptance.test.tsx；src/modules/workspace/tests/WorkspaceEntryPages.test.tsx,,phase11_candidate,present,institution-app,API_VERSION_REVIEW,src/app/api/v1/<scope>/,high,9,yes,pending,no,unchanged,已纳入第十一阶段 API_VERSION_REVIEW 候选,no,no
src/app/api/institution/knowledge-management/ai-call/route.ts,/api/institution/knowledge-management/ai-call,unversioned,unversioned,institution,/api/institution/knowledge-management/ai-call,POST,1,0,,1,4,0,src/modules/institution/components/InstitutionKnowledgeReadonlyShell.tsx,src/modules/institution/tests/InstitutionAiCallApiRoute.test.ts；src/modules/institution/tests/InstitutionAiCallCapabilityRoute.test.ts；src/modules/institution/tests/InstitutionKnowledgeReadonlyShell.test.tsx；src/modules/workspace/tests/WorkspaceEntryPages.test.tsx,,phase11_candidate,present,institution-app,API_VERSION_REVIEW,src/app/api/v1/<scope>/,high,9,yes,pending,no,unchanged,已纳入第十一阶段 API_VERSION_REVIEW 候选,no,no
src/app/api/institution/knowledge-management/ai-call/usage/route.ts,/api/institution/knowledge-management/ai-call/usage,unversioned,unversioned,institution,/api/institution/knowledge-management/ai-call/usage,GET,1,0,,1,2,0,src/modules/institution/components/InstitutionKnowledgeReadonlyShell.tsx,src/modules/institution/tests/InstitutionAiCallApiRoute.test.ts；src/modules/institution/tests/InstitutionKnowledgeReadonlyShell.test.tsx,,phase11_candidate,present,institution-app,API_VERSION_REVIEW,src/app/api/v1/<scope>/,high,9,yes,pending,no,unchanged,已纳入第十一阶段 API_VERSION_REVIEW 候选,no,no
src/app/api/institution/knowledge-management/answer/route.ts,/api/institution/knowledge-management/answer,unversioned,unversioned,institution,/api/institution/knowledge-management/answer,POST,1,0,,1,2,0,src/modules/institution/components/InstitutionKnowledgeBaseCardPanel.tsx,src/modules/institution/tests/InstitutionKnowledgeAnswerApiRoute.test.ts；src/modules/institution/tests/InstitutionKnowledgeBaseCardPanel.test.tsx,,phase11_candidate,present,institution-app,API_VERSION_REVIEW,src/app/api/v1/<scope>/,high,9,yes,pending,no,unchanged,已纳入第十一阶段 API_VERSION_REVIEW 候选,no,no
src/app/api/institution/knowledge-management/indexing-jobs/[jobId]/cancel/route.ts,/api/institution/knowledge-management/indexing-jobs/[jobId]/cancel,unversioned,unversioned,institution,/api/institution/knowledge-management/indexing-jobs/[jobId]/cancel,POST,1,1,jobId,1,1,0,src/modules/institution/components/InstitutionKnowledgeReadonlyShell.tsx,src/modules/institution/tests/InstitutionKnowledgeManagementReadonlyApiRoute.test.ts,,phase11_candidate,present,institution-app,API_VERSION_REVIEW,src/app/api/v1/<scope>/,high,9,yes,pending,no,unchanged,已纳入第十一阶段 API_VERSION_REVIEW 候选,no,no
src/app/api/institution/knowledge-management/indexing-jobs/[jobId]/route.ts,/api/institution/knowledge-management/indexing-jobs/[jobId],unversioned,unversioned,institution,/api/institution/knowledge-management/indexing-jobs/[jobId],GET,1,1,jobId,1,2,0,src/modules/institution/components/InstitutionKnowledgeReadonlyShell.tsx,src/modules/institution/tests/InstitutionKnowledgeManagementReadonlyApiRoute.test.ts；src/modules/institution/tests/InstitutionKnowledgeReadonlyShell.test.tsx,,phase11_candidate,present,institution-app,API_VERSION_REVIEW,src/app/api/v1/<scope>/,high,9,yes,pending,no,unchanged,已纳入第十一阶段 API_VERSION_REVIEW 候选,no,no
src/app/api/institution/knowledge-management/indexing-jobs/route.ts,/api/institution/knowledge-management/indexing-jobs,unversioned,unversioned,institution,/api/institution/knowledge-management/indexing-jobs,GET；POST,2,0,,1,2,0,src/modules/institution/components/InstitutionKnowledgeReadonlyShell.tsx,src/modules/institution/tests/InstitutionKnowledgeManagementReadonlyApiRoute.test.ts；src/modules/institution/tests/InstitutionKnowledgeReadonlyShell.test.tsx,,phase11_candidate,present,institution-app,API_VERSION_REVIEW,src/app/api/v1/<scope>/,high,9,yes,pending,no,unchanged,已纳入第十一阶段 API_VERSION_REVIEW 候选,no,no
src/app/api/institution/knowledge-management/items/[knowledgeId]/files/[fileId]/download/route.ts,/api/institution/knowledge-management/items/[knowledgeId]/files/[fileId]/download,unversioned,unversioned,institution,/api/institution/knowledge-management/items/[knowledgeId]/files/[fileId]/download,GET,1,2,knowledgeId；fileId,1,3,0,src/modules/institution/components/InstitutionKnowledgeReadonlyShell.tsx,src/modules/institution/tests/InstitutionKnowledgeDownloadCapabilityRoute.test.ts；src/modules/institution/tests/InstitutionKnowledgeReadonlyShell.test.tsx；src/modules/open-platform/tests/PlatformKnowledgeFileManagementApiRoute.test.ts,,phase11_candidate,present,institution-app,API_VERSION_REVIEW,src/app/api/v1/<scope>/,high,9,yes,pending,no,unchanged,已纳入第十一阶段 API_VERSION_REVIEW 候选,no,no
src/app/api/institution/knowledge-management/items/[knowledgeId]/files/[fileId]/embeddings/route.ts,/api/institution/knowledge-management/items/[knowledgeId]/files/[fileId]/embeddings,unversioned,unversioned,institution,/api/institution/knowledge-management/items/[knowledgeId]/files/[fileId]/embeddings,POST,1,2,knowledgeId；fileId,1,1,0,src/modules/institution/components/InstitutionKnowledgeReadonlyShell.tsx,src/modules/institution/tests/InstitutionKnowledgeManagementReadonlyApiRoute.test.ts,,phase11_candidate,present,institution-app,API_VERSION_REVIEW,src/app/api/v1/<scope>/,high,9,yes,pending,no,unchanged,已纳入第十一阶段 API_VERSION_REVIEW 候选,no,no
src/app/api/institution/knowledge-management/items/[knowledgeId]/files/[fileId]/parse/chunks/route.ts,/api/institution/knowledge-management/items/[knowledgeId]/files/[fileId]/parse/chunks,unversioned,unversioned,institution,/api/institution/knowledge-management/items/[knowledgeId]/files/[fileId]/parse/chunks,GET,1,2,knowledgeId；fileId,2,2,0,src/modules/institution/components/InstitutionKnowledgeBaseCardPanel.tsx；src/modules/institution/components/InstitutionKnowledgeReadonlyShell.tsx,src/modules/institution/tests/InstitutionKnowledgeReadonlyShell.test.tsx；src/modules/open-platform/tests/PlatformKnowledgeDocumentParsingApiRoute.test.ts,,phase11_candidate,present,institution-app,API_VERSION_REVIEW,src/app/api/v1/<scope>/,high,9,yes,pending,no,unchanged,已纳入第十一阶段 API_VERSION_REVIEW 候选,no,no
src/app/api/institution/knowledge-management/items/[knowledgeId]/files/[fileId]/parse/route.ts,/api/institution/knowledge-management/items/[knowledgeId]/files/[fileId]/parse,unversioned,unversioned,institution,/api/institution/knowledge-management/items/[knowledgeId]/files/[fileId]/parse,GET；POST,2,2,knowledgeId；fileId,2,3,0,src/modules/institution/components/InstitutionKnowledgeBaseCardPanel.tsx；src/modules/institution/components/InstitutionKnowledgeReadonlyShell.tsx,src/modules/institution/tests/InstitutionKnowledgeBaseCardPanel.test.tsx；src/modules/institution/tests/InstitutionKnowledgeReadonlyShell.test.tsx；src/modules/open-platform/tests/PlatformKnowledgeDocumentParsingApiRoute.test.ts,,phase11_candidate,present,institution-app,API_VERSION_REVIEW,src/app/api/v1/<scope>/,high,9,yes,pending,no,unchanged,已纳入第十一阶段 API_VERSION_REVIEW 候选,no,no
src/app/api/institution/knowledge-management/items/[knowledgeId]/files/route.ts,/api/institution/knowledge-management/items/[knowledgeId]/files,unversioned,unversioned,institution,/api/institution/knowledge-management/items/[knowledgeId]/files,GET,1,1,knowledgeId,2,6,0,src/modules/institution/components/InstitutionKnowledgeBaseCardPanel.tsx；src/modules/institution/components/InstitutionKnowledgeReadonlyShell.tsx,src/modules/institution/tests/InstitutionKnowledgeBaseCardPanel.test.tsx；src/modules/institution/tests/InstitutionKnowledgeDownloadCapabilityRoute.test.ts；src/modules/institution/tests/InstitutionKnowledgeManagementReadonlyApiRoute.test.ts；src/modules/institution/tests/InstitutionKnowledgeReadonlyShell.test.tsx；src/modules/open-platform/tests/PlatformKnowledgeDocumentParsingApiRoute.test.ts；src/modules/open-platform/tests/PlatformKnowledgeFileManagementApiRoute.test.ts,,phase11_candidate,present,institution-app,API_VERSION_REVIEW,src/app/api/v1/<scope>/,high,9,yes,pending,no,unchanged,已纳入第十一阶段 API_VERSION_REVIEW 候选,no,no
src/app/api/institution/knowledge-management/items/route.ts,/api/institution/knowledge-management/items,unversioned,unversioned,institution,/api/institution/knowledge-management/items,GET；PATCH；POST,3,0,,3,8,0,src/modules/institution/client/tenant-business-client.ts；src/modules/institution/components/InstitutionKnowledgeBaseCardPanel.tsx；src/modules/institution/components/InstitutionKnowledgeReadonlyShell.tsx,src/modules/institution/tests/InstitutionKnowledgeBaseCardPanel.test.tsx；src/modules/institution/tests/InstitutionKnowledgeDownloadCapabilityRoute.test.ts；src/modules/institution/tests/InstitutionKnowledgeItemsCapabilityRoute.test.ts；src/modules/institution/tests/InstitutionKnowledgeManagementReadonlyApiRoute.test.ts；src/modules/institution/tests/InstitutionKnowledgeReadonlyShell.test.tsx；src/modules/open-platform/tests/PlatformKnowledgeDocumentParsingApiRoute.test.ts；src/modules/open-platform/tests/PlatformKnowledgeFileManagementApiRoute.test.ts；src/modules/workspace/tests/WorkspaceEntryPages.test.tsx,,phase11_candidate,present,institution-app,API_VERSION_REVIEW,src/app/api/v1/<scope>/,high,9,yes,pending,no,unchanged,已纳入第十一阶段 API_VERSION_REVIEW 候选,no,no
src/app/api/institution/knowledge-management/qa/audits/route.ts,/api/institution/knowledge-management/qa/audits,unversioned,unversioned,institution,/api/institution/knowledge-management/qa/audits,GET,1,0,,1,2,0,src/modules/institution/components/InstitutionKnowledgeReadonlyShell.tsx,src/modules/institution/tests/InstitutionKnowledgeReadonlyShell.test.tsx；src/modules/open-platform/tests/PlatformKnowledgeQaApiRoute.test.ts,,phase11_candidate,present,institution-app,API_VERSION_REVIEW,src/app/api/v1/<scope>/,high,9,yes,pending,no,unchanged,已纳入第十一阶段 API_VERSION_REVIEW 候选,no,no
src/app/api/institution/knowledge-management/qa/route.ts,/api/institution/knowledge-management/qa,unversioned,unversioned,institution,/api/institution/knowledge-management/qa,POST,1,0,,1,3,0,src/modules/institution/components/InstitutionKnowledgeReadonlyShell.tsx,src/modules/institution/tests/InstitutionKnowledgeQaCapabilityRoute.test.ts；src/modules/institution/tests/InstitutionKnowledgeReadonlyShell.test.tsx；src/modules/open-platform/tests/PlatformKnowledgeQaApiRoute.test.ts,,phase11_candidate,present,institution-app,API_VERSION_REVIEW,src/app/api/v1/<scope>/,high,9,yes,pending,no,unchanged,已纳入第十一阶段 API_VERSION_REVIEW 候选,no,no
src/app/api/institution/knowledge-management/retrieval/route.ts,/api/institution/knowledge-management/retrieval,unversioned,unversioned,institution,/api/institution/knowledge-management/retrieval,GET,1,0,,1,2,0,src/modules/institution/components/InstitutionKnowledgeReadonlyShell.tsx,src/modules/institution/tests/InstitutionKnowledgeReadonlyShell.test.tsx；src/modules/institution/tests/InstitutionKnowledgeRetrievalCapabilityRoute.test.ts,,phase11_candidate,present,institution-app,API_VERSION_REVIEW,src/app/api/v1/<scope>/,high,9,yes,pending,no,unchanged,已纳入第十一阶段 API_VERSION_REVIEW 候选,no,no
src/app/api/institution/knowledge-management/search/route.ts,/api/institution/knowledge-management/search,unversioned,unversioned,institution,/api/institution/knowledge-management/search,GET,1,0,,1,5,0,src/modules/institution/components/InstitutionKnowledgeBaseCardPanel.tsx,src/modules/institution/tests/InstitutionKnowledgeBaseCardPanel.test.tsx；src/modules/institution/tests/InstitutionKnowledgeReadonlyShell.test.tsx；src/modules/institution/tests/InstitutionKnowledgeSearchApiRoute.test.ts；src/modules/institution/tests/InstitutionKnowledgeSearchCapabilityRoute.test.ts；src/modules/open-platform/tests/PlatformKnowledgeKeywordSearchApiRoute.test.ts,,phase11_candidate,present,institution-app,API_VERSION_REVIEW,src/app/api/v1/<scope>/,high,9,yes,pending,no,unchanged,已纳入第十一阶段 API_VERSION_REVIEW 候选,no,no
src/app/api/institution/knowledge-management/upload/route.ts,/api/institution/knowledge-management/upload,unversioned,unversioned,institution,/api/institution/knowledge-management/upload,POST,1,0,,2,2,0,src/modules/institution/components/InstitutionKnowledgeBaseCardPanel.tsx；src/modules/institution/components/InstitutionKnowledgeReadonlyShell.tsx,src/modules/institution/tests/InstitutionKnowledgeBaseCardPanel.test.tsx；src/modules/institution/tests/InstitutionKnowledgeUploadApiRoute.test.ts,,phase11_candidate,present,institution-app,API_VERSION_REVIEW,src/app/api/v1/<scope>/,high,9,yes,pending,no,unchanged,已纳入第十一阶段 API_VERSION_REVIEW 候选,no,no
src/app/api/institution/knowledge-management/vector-search/route.ts,/api/institution/knowledge-management/vector-search,unversioned,unversioned,institution,/api/institution/knowledge-management/vector-search,GET,1,0,,1,3,0,src/modules/institution/components/InstitutionKnowledgeReadonlyShell.tsx,src/modules/institution/tests/InstitutionKnowledgeReadonlyShell.test.tsx；src/modules/institution/tests/InstitutionKnowledgeVectorSearchCapabilityRoute.test.ts；src/modules/open-platform/tests/PlatformKnowledgeEmbeddingVectorSearchApiRoute.test.ts,,phase11_candidate,present,institution-app,API_VERSION_REVIEW,src/app/api/v1/<scope>/,high,9,yes,pending,no,unchanged,已纳入第十一阶段 API_VERSION_REVIEW 候选,no,no
src/app/api/institution/opportunities/route.ts,/api/institution/opportunities,unversioned,unversioned,institution,/api/institution/opportunities,GET,1,0,,0,1,0,,src/modules/institution/tests/OpportunityPoolLegacyApiRoute.test.ts,,phase11_candidate,present,institution-app,API_VERSION_REVIEW,src/app/api/v1/<scope>/,high,9,yes,pending,no,unchanged,已纳入第十一阶段 API_VERSION_REVIEW 候选,no,no
src/app/api/institution/real-channel-preflight/evaluate/route.ts,/api/institution/real-channel-preflight/evaluate,unversioned,unversioned,institution,/api/institution/real-channel-preflight/evaluate,POST,1,0,,0,0,0,,,,phase11_candidate,present,institution-app,API_VERSION_REVIEW,src/app/api/v1/<scope>/,high,9,yes,pending,no,unchanged,已纳入第十一阶段 API_VERSION_REVIEW 候选,no,no
src/app/api/institution/real-channel-preflight/route.ts,/api/institution/real-channel-preflight,unversioned,unversioned,institution,/api/institution/real-channel-preflight,GET；POST,2,0,,0,1,0,,src/modules/institution/tests/RealChannelPreflightApiRoute.test.ts,,phase11_candidate,present,institution-app,API_VERSION_REVIEW,src/app/api/v1/<scope>/,high,9,yes,pending,no,unchanged,已纳入第十一阶段 API_VERSION_REVIEW 候选,no,no
src/app/api/institution/safety-switch/route.ts,/api/institution/safety-switch,unversioned,unversioned,institution,/api/institution/safety-switch,GET；PATCH,2,0,,0,1,0,,src/modules/security/tests/SafetySwitchApiRoute.test.ts,,phase11_candidate,present,institution-app,API_VERSION_REVIEW,src/app/api/v1/<scope>/,high,9,yes,pending,no,unchanged,已纳入第十一阶段 API_VERSION_REVIEW 候选,no,no
src/app/api/institution/treatment-summaries/[summaryId]/follow-up-suggestions/route.ts,/api/institution/treatment-summaries/[summaryId]/follow-up-suggestions,unversioned,unversioned,institution,/api/institution/treatment-summaries/[summaryId]/follow-up-suggestions,GET,1,1,summaryId,1,6,0,src/modules/institution/client/tenant-business-client.ts,src/modules/institution/tests/TenantBusinessClient.test.ts；src/modules/institution/tests/TreatmentFollowUpLinkApiRoutes.test.ts；src/modules/institution/tests/TreatmentFollowUpSuggestionsApiRoute.test.ts；src/modules/institution/tests/TreatmentSummaryDomain.test.ts；src/modules/institution/tests/TreatmentSummaryManagementShell.test.tsx；src/modules/workspace/tests/WorkspaceEntryPages.test.tsx,,phase11_candidate,present,institution-app,API_VERSION_REVIEW,src/app/api/v1/<scope>/,high,9,yes,pending,no,unchanged,已纳入第十一阶段 API_VERSION_REVIEW 候选,no,no
src/app/api/institution/treatment-summaries/[summaryId]/follow-up-tasks/route.ts,/api/institution/treatment-summaries/[summaryId]/follow-up-tasks,unversioned,unversioned,institution,/api/institution/treatment-summaries/[summaryId]/follow-up-tasks,POST,1,1,summaryId,1,5,0,src/modules/institution/client/tenant-business-client.ts,src/modules/institution/tests/TenantBusinessClient.test.ts；src/modules/institution/tests/TreatmentFollowUpLinkApiRoutes.test.ts；src/modules/institution/tests/TreatmentSummaryDomain.test.ts；src/modules/institution/tests/TreatmentSummaryManagementShell.test.tsx；src/modules/workspace/tests/WorkspaceEntryPages.test.tsx,,phase11_candidate,present,institution-app,API_VERSION_REVIEW,src/app/api/v1/<scope>/,high,9,yes,pending,no,unchanged,已纳入第十一阶段 API_VERSION_REVIEW 候选,no,no
src/app/api/institution/treatment-summaries/[summaryId]/route.ts,/api/institution/treatment-summaries/[summaryId],unversioned,unversioned,institution,/api/institution/treatment-summaries/[summaryId],PATCH,1,1,summaryId,1,8,0,src/modules/institution/client/tenant-business-client.ts,src/modules/institution/tests/TenantBusinessClient.test.ts；src/modules/institution/tests/TreatmentFollowUpLinkApiRoutes.test.ts；src/modules/institution/tests/TreatmentFollowUpSuggestionsApiRoute.test.ts；src/modules/institution/tests/TreatmentSummaryApiRoutes.test.ts；src/modules/institution/tests/TreatmentSummaryDomain.test.ts；src/modules/institution/tests/TreatmentSummaryListApiRoutes.test.ts；src/modules/institution/tests/TreatmentSummaryManagementShell.test.tsx；src/modules/workspace/tests/WorkspaceEntryPages.test.tsx,,phase11_candidate,present,institution-app,API_VERSION_REVIEW,src/app/api/v1/<scope>/,high,9,yes,pending,no,unchanged,已纳入第十一阶段 API_VERSION_REVIEW 候选,no,no
src/app/api/institution/treatment-summaries/[summaryId]/void/route.ts,/api/institution/treatment-summaries/[summaryId]/void,unversioned,unversioned,institution,/api/institution/treatment-summaries/[summaryId]/void,POST,1,1,summaryId,1,5,0,src/modules/institution/client/tenant-business-client.ts,src/modules/institution/tests/TenantBusinessClient.test.ts；src/modules/institution/tests/TreatmentSummaryApiRoutes.test.ts；src/modules/institution/tests/TreatmentSummaryDomain.test.ts；src/modules/institution/tests/TreatmentSummaryManagementShell.test.tsx；src/modules/workspace/tests/WorkspaceEntryPages.test.tsx,,phase11_candidate,present,institution-app,API_VERSION_REVIEW,src/app/api/v1/<scope>/,high,9,yes,pending,no,unchanged,已纳入第十一阶段 API_VERSION_REVIEW 候选,no,no
src/app/api/institution/treatment-summaries/route.ts,/api/institution/treatment-summaries,unversioned,unversioned,institution,/api/institution/treatment-summaries,GET,1,0,,1,9,0,src/modules/institution/client/tenant-business-client.ts,src/modules/institution/tests/TenantBusinessClient.test.ts；src/modules/institution/tests/TreatmentFollowUpLinkApiRoutes.test.ts；src/modules/institution/tests/TreatmentFollowUpSuggestionsApiRoute.test.ts；src/modules/institution/tests/TreatmentSummaryApiRoutes.test.ts；src/modules/institution/tests/TreatmentSummaryDomain.test.ts；src/modules/institution/tests/TreatmentSummaryListApiRoutes.test.ts；src/modules/institution/tests/TreatmentSummaryManagementShell.test.tsx；src/modules/workspace/tests/V1ReadonlyDemoGateAcceptance.test.tsx；src/modules/workspace/tests/WorkspaceEntryPages.test.tsx,,phase11_candidate,present,institution-app,API_VERSION_REVIEW,src/app/api/v1/<scope>/,high,9,yes,pending,no,unchanged,已纳入第十一阶段 API_VERSION_REVIEW 候选,no,no
src/app/api/institution/wecom-customer-contact-precheck/route.ts,/api/institution/wecom-customer-contact-precheck,unversioned,unversioned,institution,/api/institution/wecom-customer-contact-precheck,GET；POST,2,0,,0,1,0,,src/modules/institution/tests/WeComCustomerContactPrecheckApiRoute.test.ts,,phase11_candidate,present,institution-app,API_VERSION_REVIEW,src/app/api/v1/<scope>/,high,9,yes,pending,no,unchanged,已纳入第十一阶段 API_VERSION_REVIEW 候选,no,no
src/app/api/institution/wecom-customer-contact-readonly-proof-mock/route.ts,/api/institution/wecom-customer-contact-readonly-proof-mock,unversioned,unversioned,institution,/api/institution/wecom-customer-contact-readonly-proof-mock,GET；POST,2,0,,0,1,0,,src/modules/institution/tests/WeComCustomerContactReadonlyProofMockApiRoute.test.ts,,phase12_gap,present,institution-app,RUNTIME_BOUNDARY_CONFIRMED_KEEP_CURRENT,src/app/api/institution/wecom-customer-contact-readonly-proof-mock/route.ts,high,8,yes,runtime_boundary_confirmed,yes,API_VERSION_REVIEW,非版本化 route.ts 未纳入第十一阶段候选,no,no
src/app/api/institution/wecom-customer-contact-readonly-proof/route.ts,/api/institution/wecom-customer-contact-readonly-proof,unversioned,unversioned,institution,/api/institution/wecom-customer-contact-readonly-proof,GET；POST,2,0,,0,2,0,,src/modules/institution/tests/WeComCustomerContactReadonlyProofApiRoute.test.ts；src/modules/institution/tests/WeComCustomerContactReadonlyProofMockApiRoute.test.ts,,phase11_candidate,present,institution-app,API_VERSION_REVIEW,src/app/api/v1/<scope>/,high,9,yes,pending,no,unchanged,已纳入第十一阶段 API_VERSION_REVIEW 候选,no,no
src/app/api/institution/wecom-customer-mapping/route.ts,/api/institution/wecom-customer-mapping,unversioned,unversioned,institution,/api/institution/wecom-customer-mapping,GET；POST,2,0,,1,3,0,src/modules/institution/client/wecom-customer-mapping-client.ts,src/modules/institution/tests/WeComCustomerMappingApiRoute.test.ts；src/modules/institution/tests/WeComCustomerMappingClient.test.ts；src/modules/institution/tests/WeComCustomerMappingPanel.test.tsx,,phase11_candidate,present,institution-app,API_VERSION_REVIEW,src/app/api/v1/<scope>/,high,9,yes,pending,no,unchanged,已纳入第十一阶段 API_VERSION_REVIEW 候选,no,no
src/app/api/institution/wecom-official-dry-run-config/evaluate/route.ts,/api/institution/wecom-official-dry-run-config/evaluate,unversioned,unversioned,institution,/api/institution/wecom-official-dry-run-config/evaluate,POST,1,0,,0,0,0,,,,phase11_candidate,present,institution-app,API_VERSION_REVIEW,src/app/api/v1/<scope>/,high,9,yes,pending,no,unchanged,已纳入第十一阶段 API_VERSION_REVIEW 候选,no,no
src/app/api/institution/wecom-official-dry-run-config/route.ts,/api/institution/wecom-official-dry-run-config,unversioned,unversioned,institution,/api/institution/wecom-official-dry-run-config,GET；POST,2,0,,0,1,0,,src/modules/institution/tests/WeComOfficialDryRunConfigApiRoute.test.ts,,phase11_candidate,present,institution-app,API_VERSION_REVIEW,src/app/api/v1/<scope>/,high,9,yes,pending,no,unchanged,已纳入第十一阶段 API_VERSION_REVIEW 候选,no,no
src/app/api/institution/wecom-official-dry-run-snapshot/route.ts,/api/institution/wecom-official-dry-run-snapshot,unversioned,unversioned,institution,/api/institution/wecom-official-dry-run-snapshot,GET；POST,2,0,,0,1,0,,src/modules/institution/tests/WeComDryRunSnapshotApiRoute.test.ts,,phase11_candidate,present,institution-app,API_VERSION_REVIEW,src/app/api/v1/<scope>/,high,9,yes,pending,no,unchanged,已纳入第十一阶段 API_VERSION_REVIEW 候选,no,no
src/app/api/institution/wecom-official-dry-run/evaluate/route.ts,/api/institution/wecom-official-dry-run/evaluate,unversioned,unversioned,institution,/api/institution/wecom-official-dry-run/evaluate,POST,1,0,,0,1,0,,src/modules/institution/tests/WeComOfficialDryRunApiRoute.test.ts,,phase11_candidate,present,institution-app,API_VERSION_REVIEW,src/app/api/v1/<scope>/,high,9,yes,pending,no,unchanged,已纳入第十一阶段 API_VERSION_REVIEW 候选,no,no
src/app/api/institution/wecom-official-dry-run/route.ts,/api/institution/wecom-official-dry-run,unversioned,unversioned,institution,/api/institution/wecom-official-dry-run,GET,1,0,,0,3,0,,src/modules/institution/tests/WeComDryRunSnapshotApiRoute.test.ts；src/modules/institution/tests/WeComOfficialDryRunApiRoute.test.ts；src/modules/institution/tests/WeComOfficialDryRunConfigApiRoute.test.ts,,phase11_candidate,present,institution-app,API_VERSION_REVIEW,src/app/api/v1/<scope>/,high,9,yes,pending,no,unchanged,已纳入第十一阶段 API_VERSION_REVIEW 候选,no,no
src/app/api/institution/wecom-official-internal-message-proof/route.ts,/api/institution/wecom-official-internal-message-proof,unversioned,unversioned,institution,/api/institution/wecom-official-internal-message-proof,GET；POST,2,0,,0,1,0,,src/modules/institution/tests/WeComOfficialInternalMessageProofApiRoute.test.ts,,phase11_candidate,present,institution-app,API_VERSION_REVIEW,src/app/api/v1/<scope>/,high,9,yes,pending,no,unchanged,已纳入第十一阶段 API_VERSION_REVIEW 候选,no,no
src/app/api/institution/wecom-official-secret-precheck/route.ts,/api/institution/wecom-official-secret-precheck,unversioned,unversioned,institution,/api/institution/wecom-official-secret-precheck,GET；POST,2,0,,0,1,0,,src/modules/institution/tests/WeComOfficialSecretPrecheckApiRoute.test.ts,,phase11_candidate,present,institution-app,API_VERSION_REVIEW,src/app/api/v1/<scope>/,high,9,yes,pending,no,unchanged,已纳入第十一阶段 API_VERSION_REVIEW 候选,no,no
src/app/api/institution/wecom/customer-mapping-candidates/route.ts,/api/institution/wecom/customer-mapping-candidates,unversioned,unversioned,institution,/api/institution/wecom/customer-mapping-candidates,GET,1,0,,1,3,0,src/modules/institution/components/WeComCustomerMappingCandidatesReadonlyPanel.tsx,src/modules/institution/tests/WeComCustomerMappingCandidatesApiRoute.test.ts；src/modules/institution/tests/WeComCustomerMappingCandidatesReadonlyPanel.test.tsx；src/modules/institution/tests/WeComCustomerMappingReadWriteBridge.test.ts,,phase11_candidate,present,institution-app,API_VERSION_REVIEW,src/app/api/v1/<scope>/,high,9,yes,pending,no,unchanged,已纳入第十一阶段 API_VERSION_REVIEW 候选,no,no
src/app/api/institution/wecom/customer-mapping-reviews/[mappingId]/actions/route.ts,/api/institution/wecom/customer-mapping-reviews/[mappingId]/actions,unversioned,unversioned,institution,/api/institution/wecom/customer-mapping-reviews/[mappingId]/actions,POST,1,1,mappingId,1,5,0,src/modules/institution/client/wecom-customer-mapping-review-actions-client.ts,src/modules/institution/tests/WeComCustomerMappingCandidatesApiRoute.test.ts；src/modules/institution/tests/WeComCustomerMappingCandidatesReadonlyPanel.test.tsx；src/modules/institution/tests/WeComCustomerMappingReadWriteBridge.test.ts；src/modules/institution/tests/WeComCustomerMappingReviewActionsApiRoute.test.ts；src/modules/institution/tests/WeComCustomerMappingReviewActionsClient.test.ts,,phase11_candidate,present,institution-app,API_VERSION_REVIEW,src/app/api/v1/<scope>/,high,9,yes,pending,no,unchanged,已纳入第十一阶段 API_VERSION_REVIEW 候选,no,no
src/app/api/institution/wecom/external-contacts/route.ts,/api/institution/wecom/external-contacts,unversioned,unversioned,institution,/api/institution/wecom/external-contacts,GET,1,0,,1,2,0,src/modules/institution/components/WeComExternalContactReadonlyPanel.tsx,src/modules/institution/tests/WeComExternalContactReadonlyApiRoute.test.ts；src/modules/institution/tests/WeComExternalContactReadonlyPanel.test.tsx,,phase11_candidate,present,institution-app,API_VERSION_REVIEW,src/app/api/v1/<scope>/,high,9,yes,pending,no,unchanged,已纳入第十一阶段 API_VERSION_REVIEW 候选,no,no
src/app/api/open-platform/ai-credit-metering-rules/[id]/route.ts,/api/open-platform/ai-credit-metering-rules/[id],unversioned,unversioned,open-platform,/api/open-platform/ai-credit-metering-rules/[id],PATCH,1,1,id,1,3,0,src/modules/open-platform/client/platform-ai-credit-metering-rules-client.ts,src/modules/open-platform/tests/AiCreditMeteringRulesApiRoute.test.ts；src/modules/open-platform/tests/AiCreditMeteringRulesClient.test.ts；src/modules/open-platform/tests/OpenPlatformAiCreditMeteringRulesPanel.test.tsx,,phase11_candidate,present,api-route,API_VERSION_REVIEW,src/app/api/v1/<scope>/,high,9,yes,pending,no,unchanged,已纳入第十一阶段 API_VERSION_REVIEW 候选,no,no
src/app/api/open-platform/ai-credit-metering-rules/route.ts,/api/open-platform/ai-credit-metering-rules,unversioned,unversioned,open-platform,/api/open-platform/ai-credit-metering-rules,GET；POST,2,0,,1,4,0,src/modules/open-platform/client/platform-ai-credit-metering-rules-client.ts,src/modules/open-platform/tests/AiCreditMeteringRulesApiRoute.test.ts；src/modules/open-platform/tests/AiCreditMeteringRulesClient.test.ts；src/modules/open-platform/tests/OpenPlatformAiCreditMeteringRulesPanel.test.tsx；src/modules/workspace/tests/WorkspaceEntryPages.test.tsx,,phase11_candidate,present,api-route,API_VERSION_REVIEW,src/app/api/v1/<scope>/,high,9,yes,pending,no,unchanged,已纳入第十一阶段 API_VERSION_REVIEW 候选,no,no
src/app/api/open-platform/ai-usage-credits/route.ts,/api/open-platform/ai-usage-credits,unversioned,unversioned,open-platform,/api/open-platform/ai-usage-credits,GET,1,0,,1,4,0,src/modules/open-platform/client/platform-ai-usage-credits-client.ts,src/modules/open-platform/tests/AiUsageCreditsApiRoute.test.ts；src/modules/open-platform/tests/AiUsageCreditsClient.test.ts；src/modules/open-platform/tests/OpenPlatformAiReadonlyPanel.test.tsx；src/modules/open-platform/tests/OpenPlatformAiUsageCreditsPanel.test.tsx,,phase11_candidate,present,api-route,API_VERSION_REVIEW,src/app/api/v1/<scope>/,high,9,yes,pending,no,unchanged,已纳入第十一阶段 API_VERSION_REVIEW 候选,no,no
src/app/api/open-platform/audit-events/route.ts,/api/open-platform/audit-events,unversioned,unversioned,open-platform,/api/open-platform/audit-events,GET,1,0,,1,5,0,src/modules/audit/client/open-platform-audit-events-client.ts,src/modules/audit/tests/OpenPlatformAuditEventsApiRoute.test.ts；src/modules/open-platform/tests/OpenPlatformAuditEventsPanel.test.tsx；src/modules/open-platform/tests/OpenPlatformTenantManagementPanel.test.tsx；src/modules/open-platform/tests/PlatformCommercialHealthClient.test.ts；src/modules/workspace/tests/WorkspaceEntryPages.test.tsx,,phase11_candidate,present,api-route,API_VERSION_REVIEW,src/app/api/v1/<scope>/,high,9,yes,pending,no,unchanged,已纳入第十一阶段 API_VERSION_REVIEW 候选,no,no
src/app/api/open-platform/tenants/route.ts,/api/open-platform/tenants,unversioned,unversioned,open-platform,/api/open-platform/tenants,GET,1,0,,1,4,0,src/modules/open-platform/client/platform-tenant-management-client.ts,src/modules/open-platform/tests/OpenPlatformTenantManagementApiRoute.test.ts；src/modules/open-platform/tests/OpenPlatformTenantManagementPanel.test.tsx；src/modules/open-platform/tests/PlatformCommercialHealthClient.test.ts；src/modules/workspace/tests/WorkspaceEntryPages.test.tsx,,phase11_candidate,present,api-route,API_VERSION_REVIEW,src/app/api/v1/<scope>/,high,9,yes,pending,no,unchanged,已纳入第十一阶段 API_VERSION_REVIEW 候选,no,no
src/app/api/open-platform/wecom/customer-data-governance/route.ts,/api/open-platform/wecom/customer-data-governance,unversioned,unversioned,open-platform,/api/open-platform/wecom/customer-data-governance,GET,1,0,,1,2,0,src/modules/open-platform/components/WeComCustomerDataGovernancePanel.tsx,src/modules/open-platform/tests/WeComCustomerDataGovernanceApiRoute.test.ts；src/modules/open-platform/tests/WeComCustomerDataGovernancePanel.test.tsx,,phase11_candidate,present,api-route,API_VERSION_REVIEW,src/app/api/v1/<scope>/,high,9,yes,pending,no,unchanged,已纳入第十一阶段 API_VERSION_REVIEW 候选,no,no
src/app/api/v1/institution/ai-models/route.ts,/api/v1/institution/ai-models,versioned,v1,institution,/api/institution/ai-models,GET,1,0,,0,1,0,,src/modules/institution/tests/InstitutionAiModelsRoute.test.ts,,phase12_gap,present,institution-app,KEEP_REVIEW,src/app/api/v1/institution/ai-models/route.ts,low,review,yes,pending,yes,API_VERSION_REVIEW,版本化 route.ts 未纳入第十一阶段候选,no,no
src/app/api/v1/knowledge-base/demo-readonly/route.ts,/api/v1/knowledge-base/demo-readonly,versioned,v1,knowledge-base,/api/knowledge-base/demo-readonly,GET,1,0,,1,4,0,src/modules/workspace/components/InstitutionWorkspace.tsx,src/modules/knowledge-base/tests/V1KnowledgeBaseDemoReadonlyApiRoute.test.ts；src/modules/knowledge-base/tests/V1KnowledgeBaseMvpE2EAcceptance.test.ts；src/modules/workspace/tests/V1ReadonlyDemoGateAcceptance.test.tsx；src/modules/workspace/tests/WorkspaceEntryPages.test.tsx,,phase12_gap,present,api-route,RUNTIME_BOUNDARY_CONFIRMED_KEEP_CURRENT,src/app/api/v1/knowledge-base/demo-readonly/route.ts,high,8,yes,runtime_boundary_confirmed,yes,API_VERSION_REVIEW,版本化 route.ts 未纳入第十一阶段候选,no,no
src/app/api/v1/knowledge-base/runtime/documents/route.ts,/api/v1/knowledge-base/runtime/documents,versioned,v1,knowledge-base,/api/knowledge-base/runtime/documents,GET,1,0,,0,1,0,,src/modules/knowledge-base/tests/V1KnowledgeBaseUploadParseChunkRuntime.test.ts,,phase12_gap,present,api-route,KEEP_REVIEW,src/app/api/v1/knowledge-base/runtime/documents/route.ts,low,review,yes,pending,yes,API_VERSION_REVIEW,版本化 route.ts 未纳入第十一阶段候选,no,no
src/app/api/v1/knowledge-base/runtime/documents/upload/route.ts,/api/v1/knowledge-base/runtime/documents/upload,versioned,v1,knowledge-base,/api/knowledge-base/runtime/documents/upload,POST,1,0,,0,1,0,,src/modules/knowledge-base/tests/V1KnowledgeBaseUploadParseChunkRuntime.test.ts,,phase12_gap,present,api-route,KEEP_REVIEW,src/app/api/v1/knowledge-base/runtime/documents/upload/route.ts,low,review,yes,pending,yes,API_VERSION_REVIEW,版本化 route.ts 未纳入第十一阶段候选,no,no
src/app/api/v1/knowledge-base/runtime/index-jobs/route.ts,/api/v1/knowledge-base/runtime/index-jobs,versioned,v1,knowledge-base,/api/knowledge-base/runtime/index-jobs,GET,1,0,,0,1,0,,src/modules/knowledge-base/tests/V1KnowledgeBaseEmbeddingVectorIndexRuntime.test.ts,,phase12_gap,present,api-route,KEEP_REVIEW,src/app/api/v1/knowledge-base/runtime/index-jobs/route.ts,low,review,yes,pending,yes,API_VERSION_REVIEW,版本化 route.ts 未纳入第十一阶段候选,no,no
src/app/api/v1/knowledge-base/runtime/index-jobs/run/route.ts,/api/v1/knowledge-base/runtime/index-jobs/run,versioned,v1,knowledge-base,/api/knowledge-base/runtime/index-jobs/run,POST,1,0,,0,1,0,,src/modules/knowledge-base/tests/V1KnowledgeBaseEmbeddingVectorIndexRuntime.test.ts,,phase12_gap,present,api-route,KEEP_REVIEW,src/app/api/v1/knowledge-base/runtime/index-jobs/run/route.ts,low,review,yes,pending,yes,API_VERSION_REVIEW,版本化 route.ts 未纳入第十一阶段候选,no,no
src/app/api/v1/knowledge-base/runtime/search/route.ts,/api/v1/knowledge-base/runtime/search,versioned,v1,knowledge-base,/api/knowledge-base/runtime/search,GET,1,0,,1,3,0,src/modules/workspace/components/InstitutionWorkspace.tsx,src/modules/knowledge-base/tests/V1KnowledgeBaseMvpE2EAcceptance.test.ts；src/modules/knowledge-base/tests/V1KnowledgeBaseSearchRuntime.test.ts；src/modules/workspace/tests/WorkspaceEntryPages.test.tsx,,phase12_gap,present,api-route,KEEP_REVIEW,src/app/api/v1/knowledge-base/runtime/search/route.ts,low,review,yes,pending,yes,API_VERSION_REVIEW,版本化 route.ts 未纳入第十一阶段候选,no,no
src/app/api/v1/open-platform/ai-model-config/route.ts,/api/v1/open-platform/ai-model-config,versioned,v1,open-platform,/api/open-platform/ai-model-config,GET；PUT,2,0,,1,3,0,src/modules/open-platform/components/OpenPlatformAiModelConfigPanel.tsx,src/modules/open-platform/tests/OpenPlatformAiModelConfigPanel.test.tsx；src/modules/open-platform/tests/OpenPlatformAiModelConfigPersistence.test.ts；src/modules/open-platform/tests/OpenPlatformAiModelVendorOperations.test.ts,,phase12_gap,present,api-route,KEEP_REVIEW,src/app/api/v1/open-platform/ai-model-config/route.ts,low,review,yes,pending,yes,API_VERSION_REVIEW,版本化 route.ts 未纳入第十一阶段候选,no,no
src/app/api/v1/open-platform/ai-model-config/sync/route.ts,/api/v1/open-platform/ai-model-config/sync,versioned,v1,open-platform,/api/open-platform/ai-model-config/sync,POST,1,0,,0,2,0,,src/modules/open-platform/tests/OpenPlatformAiModelConfigPanel.test.tsx；src/modules/open-platform/tests/OpenPlatformAiModelVendorOperations.test.ts,,phase12_gap,present,api-route,KEEP_REVIEW,src/app/api/v1/open-platform/ai-model-config/sync/route.ts,low,review,yes,pending,yes,API_VERSION_REVIEW,版本化 route.ts 未纳入第十一阶段候选,no,no
src/app/api/v1/open-platform/ai-model-config/test/route.ts,/api/v1/open-platform/ai-model-config/test,versioned,v1,open-platform,/api/open-platform/ai-model-config/test,POST,1,0,,0,2,0,,src/modules/open-platform/tests/OpenPlatformAiModelConfigPanel.test.tsx；src/modules/open-platform/tests/OpenPlatformAiModelVendorOperations.test.ts,,phase12_gap,present,api-route,KEEP_REVIEW,src/app/api/v1/open-platform/ai-model-config/test/route.ts,low,review,yes,pending,yes,API_VERSION_REVIEW,版本化 route.ts 未纳入第十一阶段候选,no,no
src/app/api/v1/open-platform/ai-readonly/route.ts,/api/v1/open-platform/ai-readonly,versioned,v1,open-platform,/api/open-platform/ai-readonly,GET,1,0,,0,1,0,,src/modules/open-platform/tests/OpenPlatformAiReadonlyContract.test.ts,,phase12_gap,present,api-route,KEEP_REVIEW,src/app/api/v1/open-platform/ai-readonly/route.ts,low,review,yes,pending,yes,API_VERSION_REVIEW,版本化 route.ts 未纳入第十一阶段候选,no,no
src/app/api/v1/open-platform/ai-runtime/provider-config/route.ts,/api/v1/open-platform/ai-runtime/provider-config,versioned,v1,open-platform,/api/open-platform/ai-runtime/provider-config,GET；POST,2,0,,0,1,0,,src/modules/open-platform/tests/OpenPlatformAiProviderConfig.test.ts,,phase12_gap,present,api-route,KEEP_REVIEW,src/app/api/v1/open-platform/ai-runtime/provider-config/route.ts,low,review,yes,pending,yes,API_VERSION_REVIEW,版本化 route.ts 未纳入第十一阶段候选,no,no
src/app/api/v1/open-platform/ai-runtime/smoke/route.ts,/api/v1/open-platform/ai-runtime/smoke,versioned,v1,open-platform,/api/open-platform/ai-runtime/smoke,POST,1,0,,0,1,0,,src/modules/open-platform/tests/OpenPlatformAiRuntimeSmoke.test.ts,,phase12_gap,present,api-route,KEEP_REVIEW,src/app/api/v1/open-platform/ai-runtime/smoke/route.ts,low,review,yes,pending,yes,API_VERSION_REVIEW,版本化 route.ts 未纳入第十一阶段候选,no,no
src/app/api/v1/open-platform/ai-runtime/status/route.ts,/api/v1/open-platform/ai-runtime/status,versioned,v1,open-platform,/api/open-platform/ai-runtime/status,GET,1,0,,0,1,0,,src/modules/open-platform/tests/OpenPlatformAiRuntimeConfig.test.ts,,phase12_gap,present,api-route,KEEP_REVIEW,src/app/api/v1/open-platform/ai-runtime/status/route.ts,low,review,yes,pending,yes,API_VERSION_REVIEW,版本化 route.ts 未纳入第十一阶段候选,no,no
src/app/api/v1/open-platform/ai-usage/route.ts,/api/v1/open-platform/ai-usage,versioned,v1,open-platform,/api/open-platform/ai-usage,GET,1,0,,1,2,0,src/modules/open-platform/components/OpenPlatformTenantManagementPanel.tsx,src/modules/institution/tests/InstitutionAiCallApiRoute.test.ts；src/modules/open-platform/tests/OpenPlatformTenantManagementPanel.test.tsx,,phase12_gap,present,api-route,KEEP_REVIEW,src/app/api/v1/open-platform/ai-usage/route.ts,low,review,yes,pending,yes,API_VERSION_REVIEW,版本化 route.ts 未纳入第十一阶段候选,no,no
src/app/api/v1/open-platform/homepage-brand/assets/route.ts,/api/v1/open-platform/homepage-brand/assets,versioned,v1,open-platform,/api/open-platform/homepage-brand/assets,POST,1,0,,0,2,0,,src/modules/open-platform/tests/HomepageBrandApiRoute.test.ts；src/modules/open-platform/tests/HomepageBrandPanel.test.tsx,,phase12_gap,present,api-route,KEEP_REVIEW,src/app/api/v1/open-platform/homepage-brand/assets/route.ts,low,review,yes,pending,yes,API_VERSION_REVIEW,版本化 route.ts 未纳入第十一阶段候选,no,no
src/app/api/v1/open-platform/homepage-brand/draft/route.ts,/api/v1/open-platform/homepage-brand/draft,versioned,v1,open-platform,/api/open-platform/homepage-brand/draft,PUT,1,0,,0,2,0,,src/modules/open-platform/tests/HomepageBrandApiRoute.test.ts；src/modules/open-platform/tests/HomepageBrandPanel.test.tsx,,phase12_gap,present,api-route,KEEP_REVIEW,src/app/api/v1/open-platform/homepage-brand/draft/route.ts,low,review,yes,pending,yes,API_VERSION_REVIEW,版本化 route.ts 未纳入第十一阶段候选,no,no
src/app/api/v1/open-platform/homepage-brand/publish/route.ts,/api/v1/open-platform/homepage-brand/publish,versioned,v1,open-platform,/api/open-platform/homepage-brand/publish,POST,1,0,,0,2,0,,src/modules/open-platform/tests/HomepageBrandApiRoute.test.ts；src/modules/open-platform/tests/HomepageBrandPanel.test.tsx,,phase12_gap,present,api-route,KEEP_REVIEW,src/app/api/v1/open-platform/homepage-brand/publish/route.ts,low,review,yes,pending,yes,API_VERSION_REVIEW,版本化 route.ts 未纳入第十一阶段候选,no,no
src/app/api/v1/open-platform/homepage-brand/rollback/route.ts,/api/v1/open-platform/homepage-brand/rollback,versioned,v1,open-platform,/api/open-platform/homepage-brand/rollback,POST,1,0,,0,1,0,,src/modules/open-platform/tests/HomepageBrandPanel.test.tsx,,phase12_gap,present,api-route,KEEP_REVIEW,src/app/api/v1/open-platform/homepage-brand/rollback/route.ts,low,review,yes,pending,yes,API_VERSION_REVIEW,版本化 route.ts 未纳入第十一阶段候选,no,no
src/app/api/v1/open-platform/homepage-brand/route.ts,/api/v1/open-platform/homepage-brand,versioned,v1,open-platform,/api/open-platform/homepage-brand,GET,1,0,,2,4,0,src/app/(marketing)/page.tsx；src/modules/open-platform/components/HomepageBrandPanel.tsx,src/modules/marketing/tests/MarketingPage.test.tsx；src/modules/open-platform/tests/HomepageBrandApiRoute.test.ts；src/modules/open-platform/tests/HomepageBrandLocalRepository.test.ts；src/modules/open-platform/tests/HomepageBrandPanel.test.tsx,,phase12_gap,present,api-route,KEEP_REVIEW,src/app/api/v1/open-platform/homepage-brand/route.ts,low,review,yes,pending,yes,API_VERSION_REVIEW,版本化 route.ts 未纳入第十一阶段候选,no,no
src/app/api/v1/open-platform/homepage-brand/versions/route.ts,/api/v1/open-platform/homepage-brand/versions,versioned,v1,open-platform,/api/open-platform/homepage-brand/versions,GET,1,0,,0,0,0,,,,phase12_gap,present,api-route,KEEP_REVIEW,src/app/api/v1/open-platform/homepage-brand/versions/route.ts,low,review,yes,pending,yes,API_VERSION_REVIEW,版本化 route.ts 未纳入第十一阶段候选,no,no
src/app/api/v1/open-platform/knowledge-management/capabilities/route.ts,/api/v1/open-platform/knowledge-management/capabilities,versioned,v1,open-platform,/api/open-platform/knowledge-management/capabilities,GET,1,0,,0,2,0,,src/modules/open-platform/tests/OpenPlatformKnowledgeManagementPanel.test.tsx；src/modules/open-platform/tests/PlatformKnowledgeQaApiRoute.test.ts,,phase12_gap,present,api-route,KEEP_REVIEW,src/app/api/v1/open-platform/knowledge-management/capabilities/route.ts,low,review,yes,pending,yes,API_VERSION_REVIEW,版本化 route.ts 未纳入第十一阶段候选,no,no
src/app/api/v1/open-platform/knowledge-management/directories/[directoryId]/route.ts,/api/v1/open-platform/knowledge-management/directories/[directoryId],versioned,v1,open-platform,/api/open-platform/knowledge-management/directories/[directoryId],DELETE；PATCH,2,1,directoryId,1,2,0,src/modules/open-platform/components/OpenPlatformKnowledgeManagementPanel.tsx,src/modules/open-platform/tests/OpenPlatformKnowledgeManagementPanel.test.tsx；src/modules/open-platform/tests/PlatformKnowledgeDirectoryManagementApiRoute.test.ts,,phase12_gap,present,api-route,KEEP_REVIEW,src/app/api/v1/open-platform/knowledge-management/directories/[directoryId]/route.ts,low,review,yes,pending,yes,API_VERSION_REVIEW,版本化 route.ts 未纳入第十一阶段候选,no,no
src/app/api/v1/open-platform/knowledge-management/directories/reorder/route.ts,/api/v1/open-platform/knowledge-management/directories/reorder,versioned,v1,open-platform,/api/open-platform/knowledge-management/directories/reorder,PATCH,1,0,,1,2,0,src/modules/open-platform/components/OpenPlatformKnowledgeManagementPanel.tsx,src/modules/open-platform/tests/OpenPlatformKnowledgeManagementPanel.test.tsx；src/modules/open-platform/tests/PlatformKnowledgeDirectoryManagementApiRoute.test.ts,,phase12_gap,present,api-route,KEEP_REVIEW,src/app/api/v1/open-platform/knowledge-management/directories/reorder/route.ts,low,review,yes,pending,yes,API_VERSION_REVIEW,版本化 route.ts 未纳入第十一阶段候选,no,no
src/app/api/v1/open-platform/knowledge-management/directories/route.ts,/api/v1/open-platform/knowledge-management/directories,versioned,v1,open-platform,/api/open-platform/knowledge-management/directories,POST,1,0,,1,2,0,src/modules/open-platform/components/OpenPlatformKnowledgeManagementPanel.tsx,src/modules/open-platform/tests/OpenPlatformKnowledgeManagementPanel.test.tsx；src/modules/open-platform/tests/PlatformKnowledgeDirectoryManagementApiRoute.test.ts,,phase12_gap,present,api-route,KEEP_REVIEW,src/app/api/v1/open-platform/knowledge-management/directories/route.ts,low,review,yes,pending,yes,API_VERSION_REVIEW,版本化 route.ts 未纳入第十一阶段候选,no,no
src/app/api/v1/open-platform/knowledge-management/embeddings/route.ts,/api/v1/open-platform/knowledge-management/embeddings,versioned,v1,open-platform,/api/open-platform/knowledge-management/embeddings,POST,1,0,,1,3,0,src/modules/open-platform/components/OpenPlatformKnowledgeManagementPanel.tsx,src/modules/open-platform/tests/OpenPlatformKnowledgeManagementPanel.test.tsx；src/modules/open-platform/tests/PlatformKnowledgeEmbeddingVectorSearchApiRoute.test.ts；src/modules/open-platform/tests/PlatformKnowledgeQaApiRoute.test.ts,,phase12_gap,present,api-route,KEEP_REVIEW,src/app/api/v1/open-platform/knowledge-management/embeddings/route.ts,low,review,yes,pending,yes,API_VERSION_REVIEW,版本化 route.ts 未纳入第十一阶段候选,no,no
src/app/api/v1/open-platform/knowledge-management/files/route.ts,/api/v1/open-platform/knowledge-management/files,versioned,v1,open-platform,/api/open-platform/knowledge-management/files,GET,1,0,,1,3,0,src/modules/open-platform/lib/platformKnowledgeManagementViewLoader.ts,src/modules/open-platform/tests/OpenPlatformKnowledgeManagementApiContract.test.ts；src/modules/open-platform/tests/OpenPlatformKnowledgeManagementPanel.test.tsx；src/modules/open-platform/tests/OpenPlatformKnowledgeManagementRealApiRoute.test.ts,,phase12_gap,present,api-route,KEEP_REVIEW,src/app/api/v1/open-platform/knowledge-management/files/route.ts,low,review,yes,pending,yes,API_VERSION_REVIEW,版本化 route.ts 未纳入第十一阶段候选,no,no
src/app/api/v1/open-platform/knowledge-management/items/[knowledgeId]/files/[fileId]/download/route.ts,/api/v1/open-platform/knowledge-management/items/[knowledgeId]/files/[fileId]/download,versioned,v1,open-platform,/api/open-platform/knowledge-management/items/[knowledgeId]/files/[fileId]/download,GET,1,2,knowledgeId；fileId,1,2,0,src/modules/open-platform/components/OpenPlatformKnowledgeManagementPanel.tsx,src/modules/open-platform/tests/OpenPlatformKnowledgeManagementPanel.test.tsx；src/modules/open-platform/tests/PlatformKnowledgeFileManagementApiRoute.test.ts,,phase12_gap,present,api-route,KEEP_REVIEW,src/app/api/v1/open-platform/knowledge-management/items/[knowledgeId]/files/[fileId]/download/route.ts,low,review,yes,pending,yes,API_VERSION_REVIEW,版本化 route.ts 未纳入第十一阶段候选,no,no
src/app/api/v1/open-platform/knowledge-management/items/[knowledgeId]/files/[fileId]/parse/chunks/route.ts,/api/v1/open-platform/knowledge-management/items/[knowledgeId]/files/[fileId]/parse/chunks,versioned,v1,open-platform,/api/open-platform/knowledge-management/items/[knowledgeId]/files/[fileId]/parse/chunks,GET,1,2,knowledgeId；fileId,1,1,0,src/modules/open-platform/components/OpenPlatformKnowledgeManagementPanel.tsx,src/modules/open-platform/tests/PlatformKnowledgeDocumentParsingApiRoute.test.ts,,phase12_gap,present,api-route,KEEP_REVIEW,src/app/api/v1/open-platform/knowledge-management/items/[knowledgeId]/files/[fileId]/parse/chunks/route.ts,low,review,yes,pending,yes,API_VERSION_REVIEW,版本化 route.ts 未纳入第十一阶段候选,no,no
src/app/api/v1/open-platform/knowledge-management/items/[knowledgeId]/files/[fileId]/parse/route.ts,/api/v1/open-platform/knowledge-management/items/[knowledgeId]/files/[fileId]/parse,versioned,v1,open-platform,/api/open-platform/knowledge-management/items/[knowledgeId]/files/[fileId]/parse,GET；POST,2,2,knowledgeId；fileId,1,1,0,src/modules/open-platform/components/OpenPlatformKnowledgeManagementPanel.tsx,src/modules/open-platform/tests/PlatformKnowledgeDocumentParsingApiRoute.test.ts,,phase12_gap,present,api-route,KEEP_REVIEW,src/app/api/v1/open-platform/knowledge-management/items/[knowledgeId]/files/[fileId]/parse/route.ts,low,review,yes,pending,yes,API_VERSION_REVIEW,版本化 route.ts 未纳入第十一阶段候选,no,no
src/app/api/v1/open-platform/knowledge-management/items/[knowledgeId]/files/[fileId]/route.ts,/api/v1/open-platform/knowledge-management/items/[knowledgeId]/files/[fileId],versioned,v1,open-platform,/api/open-platform/knowledge-management/items/[knowledgeId]/files/[fileId],DELETE,1,2,knowledgeId；fileId,1,3,0,src/modules/open-platform/components/OpenPlatformKnowledgeManagementPanel.tsx,src/modules/open-platform/tests/OpenPlatformKnowledgeManagementPanel.test.tsx；src/modules/open-platform/tests/PlatformKnowledgeDocumentParsingApiRoute.test.ts；src/modules/open-platform/tests/PlatformKnowledgeFileManagementApiRoute.test.ts,,phase12_gap,present,api-route,KEEP_REVIEW,src/app/api/v1/open-platform/knowledge-management/items/[knowledgeId]/files/[fileId]/route.ts,low,review,yes,pending,yes,API_VERSION_REVIEW,版本化 route.ts 未纳入第十一阶段候选,no,no
src/app/api/v1/open-platform/knowledge-management/items/[knowledgeId]/files/route.ts,/api/v1/open-platform/knowledge-management/items/[knowledgeId]/files,versioned,v1,open-platform,/api/open-platform/knowledge-management/items/[knowledgeId]/files,GET；POST,2,1,knowledgeId,1,3,0,src/modules/open-platform/components/OpenPlatformKnowledgeManagementPanel.tsx,src/modules/open-platform/tests/OpenPlatformKnowledgeManagementPanel.test.tsx；src/modules/open-platform/tests/PlatformKnowledgeDocumentParsingApiRoute.test.ts；src/modules/open-platform/tests/PlatformKnowledgeFileManagementApiRoute.test.ts,,phase12_gap,present,api-route,KEEP_REVIEW,src/app/api/v1/open-platform/knowledge-management/items/[knowledgeId]/files/route.ts,low,review,yes,pending,yes,API_VERSION_REVIEW,版本化 route.ts 未纳入第十一阶段候选,no,no
src/app/api/v1/open-platform/knowledge-management/items/[knowledgeId]/visibility/route.ts,/api/v1/open-platform/knowledge-management/items/[knowledgeId]/visibility,versioned,v1,open-platform,/api/open-platform/knowledge-management/items/[knowledgeId]/visibility,DELETE；POST,2,1,knowledgeId,0,1,0,,src/modules/open-platform/tests/OpenPlatformKnowledgeManagementRealApiRoute.test.ts,,phase12_gap,present,api-route,KEEP_REVIEW,src/app/api/v1/open-platform/knowledge-management/items/[knowledgeId]/visibility/route.ts,low,review,yes,pending,yes,API_VERSION_REVIEW,版本化 route.ts 未纳入第十一阶段候选,no,no
src/app/api/v1/open-platform/knowledge-management/items/route.ts,/api/v1/open-platform/knowledge-management/items,versioned,v1,open-platform,/api/open-platform/knowledge-management/items,GET,1,0,,2,5,0,src/modules/open-platform/components/OpenPlatformKnowledgeManagementPanel.tsx；src/modules/open-platform/lib/platformKnowledgeManagementViewLoader.ts,src/modules/open-platform/tests/OpenPlatformKnowledgeManagementApiContract.test.ts；src/modules/open-platform/tests/OpenPlatformKnowledgeManagementPanel.test.tsx；src/modules/open-platform/tests/OpenPlatformKnowledgeManagementRealApiRoute.test.ts；src/modules/open-platform/tests/PlatformKnowledgeDocumentParsingApiRoute.test.ts；src/modules/open-platform/tests/PlatformKnowledgeFileManagementApiRoute.test.ts,,phase12_gap,present,api-route,KEEP_REVIEW,src/app/api/v1/open-platform/knowledge-management/items/route.ts,low,review,yes,pending,yes,API_VERSION_REVIEW,版本化 route.ts 未纳入第十一阶段候选,no,no
src/app/api/v1/open-platform/knowledge-management/qa/audits/route.ts,/api/v1/open-platform/knowledge-management/qa/audits,versioned,v1,open-platform,/api/open-platform/knowledge-management/qa/audits,GET,1,0,,1,2,0,src/modules/open-platform/components/OpenPlatformKnowledgeManagementPanel.tsx,src/modules/open-platform/tests/OpenPlatformKnowledgeManagementPanel.test.tsx；src/modules/open-platform/tests/PlatformKnowledgeQaApiRoute.test.ts,,phase12_gap,present,api-route,KEEP_REVIEW,src/app/api/v1/open-platform/knowledge-management/qa/audits/route.ts,low,review,yes,pending,yes,API_VERSION_REVIEW,版本化 route.ts 未纳入第十一阶段候选,no,no
src/app/api/v1/open-platform/knowledge-management/qa/route.ts,/api/v1/open-platform/knowledge-management/qa,versioned,v1,open-platform,/api/open-platform/knowledge-management/qa,POST,1,0,,1,2,0,src/modules/open-platform/components/OpenPlatformKnowledgeManagementPanel.tsx,src/modules/open-platform/tests/OpenPlatformKnowledgeManagementPanel.test.tsx；src/modules/open-platform/tests/PlatformKnowledgeQaApiRoute.test.ts,,phase12_gap,present,api-route,KEEP_REVIEW,src/app/api/v1/open-platform/knowledge-management/qa/route.ts,low,review,yes,pending,yes,API_VERSION_REVIEW,版本化 route.ts 未纳入第十一阶段候选,no,no
src/app/api/v1/open-platform/knowledge-management/route.ts,/api/v1/open-platform/knowledge-management,versioned,v1,open-platform,/api/open-platform/knowledge-management,GET,1,0,,2,9,0,src/modules/open-platform/components/OpenPlatformKnowledgeManagementPanel.tsx；src/modules/open-platform/lib/platformKnowledgeManagementViewLoader.ts,src/modules/open-platform/tests/OpenPlatformKnowledgeManagementApiContract.test.ts；src/modules/open-platform/tests/OpenPlatformKnowledgeManagementPanel.test.tsx；src/modules/open-platform/tests/OpenPlatformKnowledgeManagementRealApiRoute.test.ts；src/modules/open-platform/tests/PlatformKnowledgeDirectoryManagementApiRoute.test.ts；src/modules/open-platform/tests/PlatformKnowledgeDocumentParsingApiRoute.test.ts；src/modules/open-platform/tests/PlatformKnowledgeEmbeddingVectorSearchApiRoute.test.ts；src/modules/open-platform/tests/PlatformKnowledgeFileManagementApiRoute.test.ts；src/modules/open-platform/tests/PlatformKnowledgeKeywordSearchApiRoute.test.ts；src/modules/open-platform/tests/PlatformKnowledgeQaApiRoute.test.ts,,phase12_gap,present,api-route,KEEP_REVIEW,src/app/api/v1/open-platform/knowledge-management/route.ts,low,review,yes,pending,yes,API_VERSION_REVIEW,版本化 route.ts 未纳入第十一阶段候选,no,no
src/app/api/v1/open-platform/knowledge-management/search/route.ts,/api/v1/open-platform/knowledge-management/search,versioned,v1,open-platform,/api/open-platform/knowledge-management/search,GET,1,0,,1,2,0,src/modules/open-platform/components/OpenPlatformKnowledgeManagementPanel.tsx,src/modules/open-platform/tests/OpenPlatformKnowledgeManagementPanel.test.tsx；src/modules/open-platform/tests/PlatformKnowledgeKeywordSearchApiRoute.test.ts,,phase12_gap,present,api-route,KEEP_REVIEW,src/app/api/v1/open-platform/knowledge-management/search/route.ts,low,review,yes,pending,yes,API_VERSION_REVIEW,版本化 route.ts 未纳入第十一阶段候选,no,no
src/app/api/v1/open-platform/knowledge-management/vector-search/route.ts,/api/v1/open-platform/knowledge-management/vector-search,versioned,v1,open-platform,/api/open-platform/knowledge-management/vector-search,GET,1,0,,1,2,0,src/modules/open-platform/components/OpenPlatformKnowledgeManagementPanel.tsx,src/modules/open-platform/tests/OpenPlatformKnowledgeManagementPanel.test.tsx；src/modules/open-platform/tests/PlatformKnowledgeEmbeddingVectorSearchApiRoute.test.ts,,phase12_gap,present,api-route,KEEP_REVIEW,src/app/api/v1/open-platform/knowledge-management/vector-search/route.ts,low,review,yes,pending,yes,API_VERSION_REVIEW,版本化 route.ts 未纳入第十一阶段候选,no,no
src/app/api/v1/open-platform/package-ai-quota/route.ts,/api/v1/open-platform/package-ai-quota,versioned,v1,open-platform,/api/open-platform/package-ai-quota,GET,1,0,,0,1,0,,src/modules/open-platform/tests/PackageAiQuotaReadonlyApiRoute.test.ts,,phase12_gap,present,api-route,KEEP_REVIEW,src/app/api/v1/open-platform/package-ai-quota/route.ts,low,review,yes,pending,yes,API_VERSION_REVIEW,版本化 route.ts 未纳入第十一阶段候选,no,no
src/app/api/v1/open-platform/plan-catalog/[planId]/versions/route.ts,/api/v1/open-platform/plan-catalog/[planId]/versions,versioned,v1,open-platform,/api/open-platform/plan-catalog/[planId]/versions,POST,1,1,planId,1,2,0,src/modules/open-platform/client/platform-plan-catalog-client.ts,src/modules/open-platform/tests/PlanCatalogApiRoute.test.ts；src/modules/open-platform/tests/ProductPlanPanel.test.tsx,,phase12_gap,present,api-route,KEEP_REVIEW,src/app/api/v1/open-platform/plan-catalog/[planId]/versions/route.ts,low,review,yes,pending,yes,API_VERSION_REVIEW,版本化 route.ts 未纳入第十一阶段候选,no,no
src/app/api/v1/open-platform/plan-catalog/route.ts,/api/v1/open-platform/plan-catalog,versioned,v1,open-platform,/api/open-platform/plan-catalog,GET,1,0,,1,2,0,src/modules/open-platform/client/platform-plan-catalog-client.ts,src/modules/open-platform/tests/PlanCatalogApiRoute.test.ts；src/modules/open-platform/tests/ProductPlanPanel.test.tsx,,phase12_gap,present,api-route,KEEP_REVIEW,src/app/api/v1/open-platform/plan-catalog/route.ts,low,review,yes,pending,yes,API_VERSION_REVIEW,版本化 route.ts 未纳入第十一阶段候选,no,no
src/app/api/v1/open-platform/plan-catalog/versions/[versionId]/publish/route.ts,/api/v1/open-platform/plan-catalog/versions/[versionId]/publish,versioned,v1,open-platform,/api/open-platform/plan-catalog/versions/[versionId]/publish,POST,1,1,versionId,1,2,0,src/modules/open-platform/client/platform-plan-catalog-client.ts,src/modules/open-platform/tests/PlanCatalogApiRoute.test.ts；src/modules/open-platform/tests/ProductPlanPanel.test.tsx,,phase12_gap,present,api-route,KEEP_REVIEW,src/app/api/v1/open-platform/plan-catalog/versions/[versionId]/publish/route.ts,low,review,yes,pending,yes,API_VERSION_REVIEW,版本化 route.ts 未纳入第十一阶段候选,no,no
src/app/api/v1/open-platform/plan-catalog/versions/[versionId]/retire/route.ts,/api/v1/open-platform/plan-catalog/versions/[versionId]/retire,versioned,v1,open-platform,/api/open-platform/plan-catalog/versions/[versionId]/retire,POST,1,1,versionId,1,1,0,src/modules/open-platform/client/platform-plan-catalog-client.ts,src/modules/open-platform/tests/PlanCatalogApiRoute.test.ts,,phase12_gap,present,api-route,KEEP_REVIEW,src/app/api/v1/open-platform/plan-catalog/versions/[versionId]/retire/route.ts,low,review,yes,pending,yes,API_VERSION_REVIEW,版本化 route.ts 未纳入第十一阶段候选,no,no
src/app/api/v1/open-platform/plan-catalog/versions/[versionId]/route.ts,/api/v1/open-platform/plan-catalog/versions/[versionId],versioned,v1,open-platform,/api/open-platform/plan-catalog/versions/[versionId],PUT,1,1,versionId,1,2,0,src/modules/open-platform/client/platform-plan-catalog-client.ts,src/modules/open-platform/tests/PlanCatalogApiRoute.test.ts；src/modules/open-platform/tests/ProductPlanPanel.test.tsx,,phase12_gap,present,api-route,KEEP_REVIEW,src/app/api/v1/open-platform/plan-catalog/versions/[versionId]/route.ts,low,review,yes,pending,yes,API_VERSION_REVIEW,版本化 route.ts 未纳入第十一阶段候选,no,no
src/app/api/v1/open-platform/provider-configs/route.ts,/api/v1/open-platform/provider-configs,versioned,v1,open-platform,/api/open-platform/provider-configs,DELETE；GET；POST；PUT,4,0,,1,4,0,src/modules/open-platform/components/OpenPlatformAiModelConfigPanel.tsx,src/modules/open-platform/tests/OpenPlatformAiModelConfigPanel.test.tsx；src/modules/open-platform/tests/OpenPlatformAiReadonlyPanel.test.tsx；src/modules/open-platform/tests/VendorProviderConfig.test.ts；src/modules/open-platform/tests/VendorProviderSmoke.test.ts,,phase12_gap,present,api-route,KEEP_REVIEW,src/app/api/v1/open-platform/provider-configs/route.ts,low,review,yes,pending,yes,API_VERSION_REVIEW,版本化 route.ts 未纳入第十一阶段候选,no,no
src/app/api/v1/open-platform/provider-configs/smoke/route.ts,/api/v1/open-platform/provider-configs/smoke,versioned,v1,open-platform,/api/open-platform/provider-configs/smoke,POST,1,0,,0,1,0,,src/modules/open-platform/tests/VendorProviderSmoke.test.ts,,phase12_gap,present,api-route,KEEP_REVIEW,src/app/api/v1/open-platform/provider-configs/smoke/route.ts,low,review,yes,pending,yes,API_VERSION_REVIEW,版本化 route.ts 未纳入第十一阶段候选,no,no
src/app/api/v1/open-platform/tenant-plan-options/route.ts,/api/v1/open-platform/tenant-plan-options,versioned,v1,open-platform,/api/open-platform/tenant-plan-options,GET,1,0,,1,2,0,src/modules/open-platform/client/platform-tenant-management-client.ts,src/modules/open-platform/tests/OpenPlatformTenantManagementPanel.test.tsx；src/modules/open-platform/tests/TenantPlanBindingApiRoute.test.ts,,phase12_gap,present,api-route,KEEP_REVIEW,src/app/api/v1/open-platform/tenant-plan-options/route.ts,low,review,yes,pending,yes,API_VERSION_REVIEW,版本化 route.ts 未纳入第十一阶段候选,no,no
src/app/api/v1/open-platform/tenants/[tenantId]/account/route.ts,/api/v1/open-platform/tenants/[tenantId]/account,versioned,v1,open-platform,/api/open-platform/tenants/[tenantId]/account,PATCH,1,1,tenantId,0,1,0,,src/modules/open-platform/tests/TenantAccountManagementApiRoute.test.ts,,phase12_gap,present,api-route,KEEP_REVIEW,src/app/api/v1/open-platform/tenants/[tenantId]/account/route.ts,low,review,yes,pending,yes,API_VERSION_REVIEW,版本化 route.ts 未纳入第十一阶段候选,no,no
src/app/api/v1/open-platform/tenants/[tenantId]/commercial-records/route.ts,/api/v1/open-platform/tenants/[tenantId]/commercial-records,versioned,v1,open-platform,/api/open-platform/tenants/[tenantId]/commercial-records,GET,1,1,tenantId,1,2,0,src/modules/open-platform/client/platform-tenant-management-client.ts,src/modules/open-platform/tests/OpenPlatformTenantManagementPanel.test.tsx；src/modules/open-platform/tests/TenantCommercialRecordsApiRoute.test.ts,,phase12_gap,present,api-route,KEEP_REVIEW,src/app/api/v1/open-platform/tenants/[tenantId]/commercial-records/route.ts,low,review,yes,pending,yes,API_VERSION_REVIEW,版本化 route.ts 未纳入第十一阶段候选,no,no
src/app/api/v1/open-platform/tenants/[tenantId]/entitlement-usage/route.ts,/api/v1/open-platform/tenants/[tenantId]/entitlement-usage,versioned,v1,open-platform,/api/open-platform/tenants/[tenantId]/entitlement-usage,GET,1,1,tenantId,1,1,0,src/modules/open-platform/components/OpenPlatformTenantManagementPanel.tsx,src/modules/open-platform/tests/PlatformEntitlementUsageApiRoute.test.ts,,phase12_gap,present,api-route,KEEP_REVIEW,src/app/api/v1/open-platform/tenants/[tenantId]/entitlement-usage/route.ts,low,review,yes,pending,yes,API_VERSION_REVIEW,版本化 route.ts 未纳入第十一阶段候选,no,no
src/app/api/v1/open-platform/tenants/[tenantId]/plan-change-preview/route.ts,/api/v1/open-platform/tenants/[tenantId]/plan-change-preview,versioned,v1,open-platform,/api/open-platform/tenants/[tenantId]/plan-change-preview,POST,1,1,tenantId,1,2,0,src/modules/open-platform/client/platform-tenant-management-client.ts,src/modules/open-platform/tests/OpenPlatformTenantManagementPanel.test.tsx；src/modules/open-platform/tests/TenantPlanChangeApiRoute.test.ts,,phase12_gap,present,api-route,KEEP_REVIEW,src/app/api/v1/open-platform/tenants/[tenantId]/plan-change-preview/route.ts,low,review,yes,pending,yes,API_VERSION_REVIEW,版本化 route.ts 未纳入第十一阶段候选,no,no
src/app/api/v1/open-platform/tenants/[tenantId]/plan-change/route.ts,/api/v1/open-platform/tenants/[tenantId]/plan-change,versioned,v1,open-platform,/api/open-platform/tenants/[tenantId]/plan-change,POST,1,1,tenantId,1,2,0,src/modules/open-platform/client/platform-tenant-management-client.ts,src/modules/open-platform/tests/OpenPlatformTenantManagementPanel.test.tsx；src/modules/open-platform/tests/TenantPlanChangeApiRoute.test.ts,,phase12_gap,present,api-route,KEEP_REVIEW,src/app/api/v1/open-platform/tenants/[tenantId]/plan-change/route.ts,low,review,yes,pending,yes,API_VERSION_REVIEW,版本化 route.ts 未纳入第十一阶段候选,no,no
src/app/api/v1/open-platform/tenants/route.ts,/api/v1/open-platform/tenants,versioned,v1,open-platform,/api/open-platform/tenants,POST,1,0,,2,6,0,src/modules/open-platform/client/platform-tenant-management-client.ts；src/modules/open-platform/components/OpenPlatformTenantManagementPanel.tsx,src/modules/open-platform/tests/OpenPlatformTenantManagementPanel.test.tsx；src/modules/open-platform/tests/PlatformEntitlementUsageApiRoute.test.ts；src/modules/open-platform/tests/TenantAccountManagementApiRoute.test.ts；src/modules/open-platform/tests/TenantCommercialRecordsApiRoute.test.ts；src/modules/open-platform/tests/TenantPlanBindingApiRoute.test.ts；src/modules/open-platform/tests/TenantPlanChangeApiRoute.test.ts,,phase12_gap,present,api-route,KEEP_REVIEW,src/app/api/v1/open-platform/tenants/route.ts,low,review,yes,pending,yes,API_VERSION_REVIEW,版本化 route.ts 未纳入第十一阶段候选,no,no
src/app/api/v1/open-platform/trial-data-reset/route.ts,/api/v1/open-platform/trial-data-reset,versioned,v1,open-platform,/api/open-platform/trial-data-reset,GET；POST,2,0,,1,0,0,src/modules/open-platform/components/TrialDataResetPanel.tsx,,,phase12_gap,present,api-route,KEEP_REVIEW,src/app/api/v1/open-platform/trial-data-reset/route.ts,low,review,yes,pending,yes,API_VERSION_REVIEW,版本化 route.ts 未纳入第十一阶段候选,no,no
src/app/api/v1/workspace-dashboard/readonly-aggregation/route.ts,/api/v1/workspace-dashboard/readonly-aggregation,versioned,v1,workspace-dashboard,/api/workspace-dashboard/readonly-aggregation,GET,1,0,,1,4,0,src/modules/workspace/components/InstitutionWorkspace.tsx,src/modules/knowledge-base/tests/V1KnowledgeBaseMvpE2EAcceptance.test.ts；src/modules/workspace/tests/V1ReadonlyDemoGateAcceptance.test.tsx；src/modules/workspace/tests/V1WorkspaceDashboardReadonlyAggregationApiRoute.test.ts；src/modules/workspace/tests/WorkspaceEntryPages.test.tsx,,phase12_gap,present,api-route,KEEP_REVIEW,src/app/api/v1/workspace-dashboard/readonly-aggregation/route.ts,low,review,yes,pending,yes,API_VERSION_REVIEW,版本化 route.ts 未纳入第十一阶段候选,no,no
src/app/api/version/route.ts,/api/version,unversioned,unversioned,version,/api/version,GET,1,0,,1,1,1,src/modules/open-platform/components/TrialV01ExperienceHandoffPanel.tsx,src/modules/deployment/tests/DeploymentVersionRoute.test.ts,scripts/deploy/test-server.mjs,phase11_candidate,present,api-route,API_VERSION_REVIEW,src/app/api/v1/<scope>/,high,9,yes,pending,no,unchanged,已纳入第十一阶段 API_VERSION_REVIEW 候选,no,no
