file_path,role,owner,loc,type_only_file,import_count,runtime_import_count,internal_outbound_count,open_platform_outbound_count,cross_module_outbound_count,inbound_consumer_count,test_consumer_count,cross_module_inbound_count,reverse_dependency_count,cycle_member,cycle_id,runtime_boundary_tokens,stable_entry_suggestion,phase27_target_suggestion,phase27_eligible,phase27_block_reason
src/modules/open-platform/client/platform-ai-credit-metering-rules-client.ts,client,ai_runtime,228,no,0,0,0,0,0,2,1,0,0,no,,,src/modules/open-platform/ai_runtime/index.ts,src/modules/open-platform/domain/ai_runtime/platform-ai-credit-metering-rules-client.ts,no,not_domain_or_contract
src/modules/open-platform/client/platform-ai-usage-credits-client.ts,client,ai_runtime,303,no,0,0,0,0,0,2,1,0,0,no,,,src/modules/open-platform/ai_runtime/index.ts,src/modules/open-platform/domain/ai_runtime/platform-ai-usage-credits-client.ts,no,not_domain_or_contract
src/modules/open-platform/client/platform-plan-catalog-client.ts,client,commercial_entitlement,236,no,1,0,1,1,0,1,0,0,0,no,,,src/modules/open-platform/commercial_entitlement/index.ts,src/modules/open-platform/domain/commercial_entitlement/platform-plan-catalog-client.ts,no,not_domain_or_contract
src/modules/open-platform/client/platform-tenant-management-client.ts,client,tenant_governance,440,no,6,2,5,6,1,4,2,2,0,no,,,src/modules/open-platform/tenant_governance/index.ts,src/modules/open-platform/domain/tenant_governance/platform-tenant-management-client.ts,no,not_domain_or_contract；cross_module_outbound；cross_module_inbound
src/modules/open-platform/components/AiQuotaBoundaryPanel.tsx,component,commercial_entitlement,80,no,3,3,1,2,0,1,1,0,0,no,,,src/modules/open-platform/commercial_entitlement/index.ts,src/modules/open-platform/domain/commercial_entitlement/AiQuotaBoundaryPanel.tsx,no,not_plain_ts；not_domain_or_contract
src/modules/open-platform/components/CommercialBoundaryPanel.tsx,component,commercial_entitlement,135,no,3,3,1,2,0,2,1,1,0,no,,,src/modules/open-platform/commercial_entitlement/index.ts,src/modules/open-platform/domain/commercial_entitlement/CommercialBoundaryPanel.tsx,no,not_plain_ts；not_domain_or_contract；cross_module_inbound
src/modules/open-platform/components/HomepageBrandPanel.tsx,component,homepage_brand,1970,no,6,6,1,4,2,2,1,1,0,no,,network；react；browser_runtime,src/modules/open-platform/homepage_brand/index.ts,src/modules/open-platform/domain/homepage_brand/HomepageBrandPanel.tsx,no,not_plain_ts；not_domain_or_contract；runtime_boundary；cross_module_outbound；cross_module_inbound；large_file
src/modules/open-platform/components/KnowledgeFileCard.tsx,component,knowledge,134,no,2,2,0,1,0,1,0,0,0,no,,,src/modules/open-platform/knowledge/index.ts,src/modules/open-platform/domain/knowledge/KnowledgeFileCard.tsx,no,not_plain_ts；not_domain_or_contract
src/modules/open-platform/components/KnowledgeMetricCard.tsx,component,knowledge,36,no,2,1,0,1,0,1,0,0,0,no,,react,src/modules/open-platform/knowledge/index.ts,src/modules/open-platform/domain/knowledge/KnowledgeMetricCard.tsx,no,not_plain_ts；not_domain_or_contract；runtime_boundary
src/modules/open-platform/components/KnowledgeSignalCard.tsx,component,knowledge,34,no,2,1,0,1,0,1,0,0,0,no,,react,src/modules/open-platform/knowledge/index.ts,src/modules/open-platform/domain/knowledge/KnowledgeSignalCard.tsx,no,not_plain_ts；not_domain_or_contract；runtime_boundary
src/modules/open-platform/components/KnowledgeTenantRow.tsx,component,knowledge,74,no,1,1,0,1,0,1,0,0,0,no,,,src/modules/open-platform/knowledge/index.ts,src/modules/open-platform/domain/knowledge/KnowledgeTenantRow.tsx,no,not_plain_ts；not_domain_or_contract
src/modules/open-platform/components/OpenConnectionRoadmapPanel.tsx,component,shared,140,no,3,3,1,2,0,2,1,1,0,no,,,src/modules/open-platform/shared/index.ts,src/modules/open-platform/domain/shared/OpenConnectionRoadmapPanel.tsx,no,not_plain_ts；not_domain_or_contract；shared_owner；cross_module_inbound
src/modules/open-platform/components/OpenPlatformAiCreditMeteringRulesPanel.tsx,component,ai_runtime,474,no,5,5,2,3,0,2,1,1,0,no,,react,src/modules/open-platform/ai_runtime/index.ts,src/modules/open-platform/domain/ai_runtime/OpenPlatformAiCreditMeteringRulesPanel.tsx,no,not_plain_ts；not_domain_or_contract；runtime_boundary；cross_module_inbound
src/modules/open-platform/components/OpenPlatformAiModelConfigPanel.tsx,component,platform_config,1068,no,7,6,4,5,0,1,0,1,0,no,,network；react；browser_runtime；credential_or_provider,src/modules/open-platform/platform_config/index.ts,src/modules/open-platform/domain/platform_config/OpenPlatformAiModelConfigPanel.tsx,no,not_plain_ts；not_domain_or_contract；runtime_boundary；cross_module_inbound；large_file
src/modules/open-platform/components/OpenPlatformAiReadonlyPanel.tsx,component,shared,2031,no,5,5,2,3,0,3,2,1,0,no,,react；browser_runtime,src/modules/open-platform/shared/index.ts,src/modules/open-platform/domain/shared/OpenPlatformAiReadonlyPanel.tsx,no,not_plain_ts；not_domain_or_contract；shared_owner；runtime_boundary；cross_module_inbound；large_file
src/modules/open-platform/components/OpenPlatformAuditEventsPanel.tsx,component,audit,621,no,6,6,1,4,3,2,1,1,0,no,,react,src/modules/open-platform/audit/index.ts,src/modules/open-platform/domain/audit/OpenPlatformAuditEventsPanel.tsx,no,not_plain_ts；not_domain_or_contract；runtime_boundary；cross_module_outbound；cross_module_inbound；large_file
src/modules/open-platform/components/OpenPlatformGovernancePanel.tsx,component,shared,200,no,4,4,2,3,0,1,1,0,0,no,,,src/modules/open-platform/shared/index.ts,src/modules/open-platform/domain/shared/OpenPlatformGovernancePanel.tsx,no,not_plain_ts；not_domain_or_contract；shared_owner
src/modules/open-platform/components/OpenPlatformKnowledgeManagementPanel.tsx,component,knowledge,2521,no,10,10,6,8,0,2,1,1,0,no,,network；react；browser_runtime,src/modules/open-platform/knowledge/index.ts,src/modules/open-platform/domain/knowledge/OpenPlatformKnowledgeManagementPanel.tsx,no,not_plain_ts；not_domain_or_contract；runtime_boundary；cross_module_inbound；large_file；high_import_count
src/modules/open-platform/components/OpenPlatformTenantManagementPanel.tsx,component,tenant_governance,1779,no,9,7,6,7,0,2,1,1,0,no,,network；react,src/modules/open-platform/tenant_governance/index.ts,src/modules/open-platform/domain/tenant_governance/OpenPlatformTenantManagementPanel.tsx,no,not_plain_ts；not_domain_or_contract；runtime_boundary；cross_module_inbound；large_file；high_import_count
src/modules/open-platform/components/PlatformSectionBanner.tsx,component,shared,47,no,2,1,0,1,0,15,0,1,0,no,,react,src/modules/open-platform/shared/index.ts,src/modules/open-platform/domain/shared/PlatformSectionBanner.tsx,no,not_plain_ts；not_domain_or_contract；shared_owner；runtime_boundary；cross_module_inbound；too_many_consumers
src/modules/open-platform/components/ProductPlanPanel.tsx,component,commercial_entitlement,1008,no,6,5,3,4,0,2,1,1,0,no,,react,src/modules/open-platform/commercial_entitlement/index.ts,src/modules/open-platform/domain/commercial_entitlement/ProductPlanPanel.tsx,no,not_plain_ts；not_domain_or_contract；runtime_boundary；cross_module_inbound；large_file
src/modules/open-platform/components/TrialDataResetPanel.tsx,component,tenant_governance,337,no,3,3,1,1,0,1,0,1,0,no,,network；react,src/modules/open-platform/tenant_governance/index.ts,src/modules/open-platform/domain/tenant_governance/TrialDataResetPanel.tsx,no,not_plain_ts；not_domain_or_contract；runtime_boundary；cross_module_inbound
src/modules/open-platform/components/TrialV01ExperienceHandoffPanel.tsx,component,tenant_governance,555,no,2,2,0,0,0,1,0,1,0,no,,network；react,src/modules/open-platform/tenant_governance/index.ts,src/modules/open-platform/domain/tenant_governance/TrialV01ExperienceHandoffPanel.tsx,no,not_plain_ts；not_domain_or_contract；runtime_boundary；cross_module_inbound
src/modules/open-platform/components/WeComCustomerDataGovernancePanel.tsx,component,shared,315,no,4,4,2,2,0,2,1,1,0,no,,network；react,src/modules/open-platform/shared/index.ts,src/modules/open-platform/domain/shared/WeComCustomerDataGovernancePanel.tsx,no,not_plain_ts；not_domain_or_contract；shared_owner；runtime_boundary；cross_module_inbound
src/modules/open-platform/domain/governance.ts,domain,shared,234,no,0,0,0,0,0,2,1,0,0,no,,,src/modules/open-platform/shared/index.ts,src/modules/open-platform/domain/shared/governance.ts,no,shared_owner
src/modules/open-platform/domain/plan-catalog.ts,domain,commercial_entitlement,293,no,0,0,0,0,0,5,1,0,0,no,,credential_or_provider,src/modules/open-platform/commercial_entitlement/index.ts,src/modules/open-platform/domain/commercial_entitlement/plan-catalog.ts,no,runtime_boundary
src/modules/open-platform/domain/platform-commercial-health.ts,domain,commercial_entitlement,380,no,2,0,1,2,1,2,1,0,0,no,,,src/modules/open-platform/commercial_entitlement/index.ts,src/modules/open-platform/domain/commercial_entitlement/platform-commercial-health.ts,no,cross_module_outbound
src/modules/open-platform/domain/tenant-commercial-records.ts,domain,commercial_entitlement,159,no,0,0,0,0,0,5,1,0,0,no,,,src/modules/open-platform/commercial_entitlement/index.ts,src/modules/open-platform/domain/commercial_entitlement/tenant-commercial-records.ts,yes,
src/modules/open-platform/domain/tenant-management-view.ts,domain,tenant_governance,180,no,1,0,1,1,0,3,1,1,0,no,,,src/modules/open-platform/tenant_governance/index.ts,src/modules/open-platform/domain/tenant_governance/tenant-management-view.ts,no,cross_module_inbound
src/modules/open-platform/domain/tenant-management.ts,domain,tenant_governance,182,no,0,0,0,0,0,13,3,1,0,no,,,src/modules/open-platform/tenant_governance/index.ts,src/modules/open-platform/domain/tenant_governance/tenant-management.ts,no,cross_module_inbound；too_many_consumers
src/modules/open-platform/domain/tenant-plan-binding.ts,domain,commercial_entitlement,208,no,0,0,0,0,0,10,3,0,0,no,,,src/modules/open-platform/commercial_entitlement/index.ts,src/modules/open-platform/domain/commercial_entitlement/tenant-plan-binding.ts,no,too_many_consumers
src/modules/open-platform/domain/tenant-plan-change.ts,domain,commercial_entitlement,244,no,1,0,1,1,0,4,1,0,0,no,,,src/modules/open-platform/commercial_entitlement/index.ts,src/modules/open-platform/domain/commercial_entitlement/tenant-plan-change.ts,yes,
src/modules/open-platform/domain/vendor-catalog.ts,domain,provider_config,53,no,0,0,0,0,0,14,4,0,0,no,,network,src/modules/open-platform/provider_config/index.ts,src/modules/open-platform/domain/provider_config/vendor-catalog.ts,no,runtime_boundary；too_many_consumers
src/modules/open-platform/domain/wecom-customer-data-governance.ts,domain,shared,497,no,2,1,0,1,1,5,3,0,0,no,,,src/modules/open-platform/shared/index.ts,src/modules/open-platform/domain/shared/wecom-customer-data-governance.ts,no,shared_owner；cross_module_outbound
src/modules/open-platform/lib/platformAiReadonlyViewLoader.ts,other,shared,21,no,1,1,1,1,0,0,0,0,0,no,,,src/modules/open-platform/shared/index.ts,src/modules/open-platform/domain/shared/platformAiReadonlyViewLoader.ts,no,not_domain_or_contract；shared_owner
src/modules/open-platform/lib/platformKnowledgeManagementViewLoader.ts,other,knowledge,104,no,1,1,1,1,0,2,1,0,0,no,,network,src/modules/open-platform/knowledge/index.ts,src/modules/open-platform/domain/knowledge/platformKnowledgeManagementViewLoader.ts,no,not_domain_or_contract；runtime_boundary
src/modules/open-platform/mock/platformAiModelConfig.ts,other,platform_config,182,no,0,0,0,0,0,5,0,0,0,no,,credential_or_provider,src/modules/open-platform/platform_config/index.ts,src/modules/open-platform/domain/platform_config/platformAiModelConfig.ts,no,not_domain_or_contract；runtime_boundary
src/modules/open-platform/mock/platformAiModelRegistry.ts,other,shared,269,no,0,0,0,0,0,2,0,0,0,no,,credential_or_provider,src/modules/open-platform/shared/index.ts,src/modules/open-platform/domain/shared/platformAiModelRegistry.ts,no,not_domain_or_contract；shared_owner；runtime_boundary
src/modules/open-platform/mock/platformAiReadonly.ts,other,shared,107,no,2,2,2,2,0,1,0,0,0,no,,credential_or_provider,src/modules/open-platform/shared/index.ts,src/modules/open-platform/domain/shared/platformAiReadonly.ts,no,not_domain_or_contract；shared_owner；runtime_boundary
src/modules/open-platform/mock/platformAiUsageCost.ts,other,shared,572,no,0,0,0,0,0,2,0,0,0,no,,credential_or_provider,src/modules/open-platform/shared/index.ts,src/modules/open-platform/domain/shared/platformAiUsageCost.ts,no,not_domain_or_contract；shared_owner；runtime_boundary
src/modules/open-platform/mock/platformKnowledge.ts,other,knowledge,1003,no,0,0,0,0,0,3,1,0,0,no,,,src/modules/open-platform/knowledge/index.ts,src/modules/open-platform/domain/knowledge/platformKnowledge.ts,no,not_domain_or_contract；large_file
src/modules/open-platform/server/ai-credit-metering-rules-management.ts,server_service,ai_runtime,391,no,4,3,0,2,0,4,2,0,0,no,,database；environment；credential_or_provider,src/modules/open-platform/ai_runtime/index.ts,src/modules/open-platform/domain/ai_runtime/ai-credit-metering-rules-management.ts,no,not_domain_or_contract；runtime_boundary
src/modules/open-platform/server/ai-usage-credits.ts,server_service,ai_runtime,1068,no,4,3,1,3,0,3,2,0,0,no,,database；credential_or_provider,src/modules/open-platform/ai_runtime/index.ts,src/modules/open-platform/domain/ai_runtime/ai-usage-credits.ts,no,not_domain_or_contract；runtime_boundary；large_file
src/modules/open-platform/server/homepage-brand-asset-storage.ts,server_repository,homepage_brand,110,no,4,3,1,1,0,5,3,0,1,no,,environment,src/modules/open-platform/homepage_brand/index.ts,src/modules/open-platform/domain/homepage_brand/homepage-brand-asset-storage.ts,no,not_domain_or_contract；runtime_boundary；reverse_dependency
src/modules/open-platform/server/homepage-brand-local-repository.ts,server_repository,homepage_brand,235,no,4,3,1,2,1,2,1,0,1,no,,environment,src/modules/open-platform/homepage_brand/index.ts,src/modules/open-platform/domain/homepage_brand/homepage-brand-local-repository.ts,no,not_domain_or_contract；runtime_boundary；cross_module_outbound；reverse_dependency
src/modules/open-platform/server/homepage-brand-repository.ts,server_repository,homepage_brand,234,no,5,2,1,4,1,5,2,0,1,no,,database,src/modules/open-platform/homepage_brand/index.ts,src/modules/open-platform/domain/homepage_brand/homepage-brand-repository.ts,no,not_domain_or_contract；runtime_boundary；cross_module_outbound；reverse_dependency
src/modules/open-platform/server/homepage-brand-service.ts,server_service,homepage_brand,573,no,2,2,0,1,1,18,4,1,0,no,,environment,src/modules/open-platform/homepage_brand/index.ts,src/modules/open-platform/domain/homepage_brand/homepage-brand-service.ts,no,not_domain_or_contract；runtime_boundary；cross_module_outbound；cross_module_inbound；too_many_consumers
src/modules/open-platform/server/package-ai-quota-readonly.ts,server_service,commercial_entitlement,263,no,1,1,0,1,1,2,1,0,0,no,,,src/modules/open-platform/commercial_entitlement/index.ts,src/modules/open-platform/domain/commercial_entitlement/package-ai-quota-readonly.ts,no,not_domain_or_contract；cross_module_outbound
src/modules/open-platform/server/plan-catalog-repository.ts,server_repository,commercial_entitlement,256,no,4,2,1,3,0,4,2,0,0,no,,database,src/modules/open-platform/commercial_entitlement/index.ts,src/modules/open-platform/domain/commercial_entitlement/plan-catalog-repository.ts,no,not_domain_or_contract；runtime_boundary
src/modules/open-platform/server/plan-catalog-service.ts,server_service,commercial_entitlement,186,no,3,2,2,2,0,5,0,0,0,no,,environment,src/modules/open-platform/commercial_entitlement/index.ts,src/modules/open-platform/domain/commercial_entitlement/plan-catalog-service.ts,no,not_domain_or_contract；runtime_boundary
src/modules/open-platform/server/platform-knowledge-ai-provider-adapter.ts,server_service,knowledge,245,no,1,0,1,1,0,5,4,0,0,yes,cycle-001,credential_or_provider,src/modules/open-platform/knowledge/index.ts,src/modules/open-platform/domain/knowledge/platform-knowledge-ai-provider-adapter.ts,no,not_domain_or_contract；runtime_boundary；cycle_member
src/modules/open-platform/server/platform-knowledge-ai-readiness-evaluation.ts,server_service,knowledge,231,no,0,0,0,0,0,3,2,0,0,no,,credential_or_provider,src/modules/open-platform/knowledge/index.ts,src/modules/open-platform/domain/knowledge/platform-knowledge-ai-readiness-evaluation.ts,no,not_domain_or_contract；runtime_boundary
src/modules/open-platform/server/platform-knowledge-document-parsing-service.ts,server_service,knowledge,1252,no,9,7,3,7,3,9,3,2,0,yes,cycle-001,database；environment；browser_runtime,src/modules/open-platform/knowledge/index.ts,src/modules/open-platform/domain/knowledge/platform-knowledge-document-parsing-service.ts,no,not_domain_or_contract；runtime_boundary；cross_module_outbound；cross_module_inbound；cycle_member；too_many_consumers；large_file；high_import_count
src/modules/open-platform/server/platform-knowledge-embedding-vector-search-service.ts,server_service,knowledge,973,no,3,2,2,2,0,13,6,4,0,yes,cycle-001,environment；credential_or_provider,src/modules/open-platform/knowledge/index.ts,src/modules/open-platform/domain/knowledge/platform-knowledge-embedding-vector-search-service.ts,no,not_domain_or_contract；runtime_boundary；cross_module_inbound；cycle_member；too_many_consumers；large_file
src/modules/open-platform/server/platform-knowledge-file-management-service.ts,server_service,knowledge,437,no,3,2,2,2,0,17,4,3,0,yes,cycle-001,environment,src/modules/open-platform/knowledge/index.ts,src/modules/open-platform/domain/knowledge/platform-knowledge-file-management-service.ts,no,not_domain_or_contract；runtime_boundary；cross_module_inbound；cycle_member；too_many_consumers
src/modules/open-platform/server/platform-knowledge-file-storage.ts,server_repository,knowledge,74,no,3,3,1,1,0,6,3,0,1,no,,environment,src/modules/open-platform/knowledge/index.ts,src/modules/open-platform/domain/knowledge/platform-knowledge-file-storage.ts,no,not_domain_or_contract；runtime_boundary；reverse_dependency
src/modules/open-platform/server/platform-knowledge-indexing-job-service.ts,server_service,knowledge,844,no,11,6,5,9,3,5,2,3,0,yes,cycle-001,database；environment,src/modules/open-platform/knowledge/index.ts,src/modules/open-platform/domain/knowledge/platform-knowledge-indexing-job-service.ts,no,not_domain_or_contract；runtime_boundary；cross_module_outbound；cross_module_inbound；cycle_member；large_file；high_import_count
src/modules/open-platform/server/platform-knowledge-keyword-search-service.ts,server_service,knowledge,316,no,2,1,2,2,0,10,6,3,0,yes,cycle-001,,src/modules/open-platform/knowledge/index.ts,src/modules/open-platform/domain/knowledge/platform-knowledge-keyword-search-service.ts,no,not_domain_or_contract；cross_module_inbound；cycle_member；too_many_consumers
src/modules/open-platform/server/platform-knowledge-management-repository.ts,server_repository,knowledge,1609,no,12,4,7,10,1,49,21,9,7,yes,cycle-001,database；environment；browser_runtime,src/modules/open-platform/knowledge/index.ts,src/modules/open-platform/domain/knowledge/platform-knowledge-management-repository.ts,no,not_domain_or_contract；runtime_boundary；cross_module_outbound；cross_module_inbound；reverse_dependency；cycle_member；too_many_consumers；large_file；high_import_count
src/modules/open-platform/server/platform-knowledge-management-service.ts,server_service,knowledge,1093,no,9,3,4,7,3,9,2,1,0,no,,environment,src/modules/open-platform/knowledge/index.ts,src/modules/open-platform/domain/knowledge/platform-knowledge-management-service.ts,no,not_domain_or_contract；runtime_boundary；cross_module_outbound；cross_module_inbound；too_many_consumers；large_file；high_import_count
src/modules/open-platform/server/platform-knowledge-ocr-provider.ts,server_service,knowledge,154,no,0,0,0,0,0,4,2,0,0,no,,,src/modules/open-platform/knowledge/index.ts,src/modules/open-platform/domain/knowledge/platform-knowledge-ocr-provider.ts,no,not_domain_or_contract
src/modules/open-platform/server/platform-knowledge-production-governance-policy.ts,server_service,knowledge,272,no,1,1,0,1,1,7,5,1,0,no,,,src/modules/open-platform/knowledge/index.ts,src/modules/open-platform/domain/knowledge/platform-knowledge-production-governance-policy.ts,no,not_domain_or_contract；cross_module_outbound；cross_module_inbound
src/modules/open-platform/server/platform-knowledge-qa-service.ts,server_service,knowledge,597,no,8,6,7,7,0,10,4,2,0,yes,cycle-001,environment,src/modules/open-platform/knowledge/index.ts,src/modules/open-platform/domain/knowledge/platform-knowledge-qa-service.ts,no,not_domain_or_contract；runtime_boundary；cross_module_inbound；cycle_member；too_many_consumers
src/modules/open-platform/server/platformAiModelConfigContract.ts,server_service,platform_config,177,no,1,1,1,1,0,2,2,0,0,no,,credential_or_provider,src/modules/open-platform/platform_config/index.ts,src/modules/open-platform/domain/platform_config/platformAiModelConfigContract.ts,no,not_domain_or_contract；runtime_boundary
src/modules/open-platform/server/platformAiModelConfigPersistence.ts,server_service,platform_config,466,no,3,2,2,3,1,5,1,0,0,no,,credential_or_provider,src/modules/open-platform/platform_config/index.ts,src/modules/open-platform/domain/platform_config/platformAiModelConfigPersistence.ts,no,not_domain_or_contract；runtime_boundary；cross_module_outbound
src/modules/open-platform/server/platformAiModelConfigPersistenceRepository.ts,server_repository,platform_config,81,no,5,3,2,4,0,3,0,0,2,no,,database,src/modules/open-platform/platform_config/index.ts,src/modules/open-platform/domain/platform_config/platformAiModelConfigPersistenceRepository.ts,no,not_domain_or_contract；runtime_boundary；reverse_dependency
src/modules/open-platform/server/platformAiModelConfigPersistenceTypes.ts,server_service,platform_config,113,yes,3,0,1,3,2,5,1,0,0,no,,credential_or_provider,src/modules/open-platform/platform_config/index.ts,src/modules/open-platform/domain/platform_config/platformAiModelConfigPersistenceTypes.ts,no,not_domain_or_contract；runtime_boundary；cross_module_outbound
src/modules/open-platform/server/platformAiModelRegistryContract.ts,server_service,shared,195,no,1,1,1,1,0,2,1,0,0,no,,credential_or_provider,src/modules/open-platform/shared/index.ts,src/modules/open-platform/domain/shared/platformAiModelRegistryContract.ts,no,not_domain_or_contract；shared_owner；runtime_boundary
src/modules/open-platform/server/platformAiModelVendorOperations.ts,server_service,provider_config,640,no,3,1,2,3,1,3,1,0,0,no,,network；credential_or_provider,src/modules/open-platform/provider_config/index.ts,src/modules/open-platform/domain/provider_config/platformAiModelVendorOperations.ts,no,not_domain_or_contract；runtime_boundary；cross_module_outbound；large_file
src/modules/open-platform/server/platformAiProviderConfig.ts,server_service,provider_config,201,no,2,1,1,2,1,5,2,0,0,no,,credential_or_provider,src/modules/open-platform/provider_config/index.ts,src/modules/open-platform/domain/provider_config/platformAiProviderConfig.ts,no,not_domain_or_contract；runtime_boundary；cross_module_outbound
src/modules/open-platform/server/platformAiProviderConfigRepository.ts,server_repository,provider_config,92,no,4,2,1,3,0,3,1,0,1,no,,database；credential_or_provider,src/modules/open-platform/provider_config/index.ts,src/modules/open-platform/domain/provider_config/platformAiProviderConfigRepository.ts,no,not_domain_or_contract；runtime_boundary；reverse_dependency
src/modules/open-platform/server/platformAiReadonlyApiContract.ts,server_service,shared,130,no,3,3,3,3,0,3,1,0,0,no,,,src/modules/open-platform/shared/index.ts,src/modules/open-platform/domain/shared/platformAiReadonlyApiContract.ts,no,not_domain_or_contract；shared_owner
src/modules/open-platform/server/platformAiRuntimeConfig.ts,server_service,platform_config,77,no,0,0,0,0,0,6,1,0,0,no,,environment；credential_or_provider,src/modules/open-platform/platform_config/index.ts,src/modules/open-platform/domain/platform_config/platformAiRuntimeConfig.ts,no,not_domain_or_contract；runtime_boundary
src/modules/open-platform/server/platformAiRuntimeSmoke.ts,server_service,ai_runtime,132,no,2,2,2,2,0,2,1,0,0,no,,environment；network；credential_or_provider,src/modules/open-platform/ai_runtime/index.ts,src/modules/open-platform/domain/ai_runtime/platformAiRuntimeSmoke.ts,no,not_domain_or_contract；runtime_boundary
src/modules/open-platform/server/platformAiUsageCostContract.ts,server_service,shared,189,no,1,1,1,1,0,2,1,0,0,no,,,src/modules/open-platform/shared/index.ts,src/modules/open-platform/domain/shared/platformAiUsageCostContract.ts,no,not_domain_or_contract；shared_owner
src/modules/open-platform/server/platformKnowledgeManagementApiContract.ts,server_service,knowledge,556,no,2,0,1,2,1,23,2,1,0,no,,,src/modules/open-platform/knowledge/index.ts,src/modules/open-platform/domain/knowledge/platformKnowledgeManagementApiContract.ts,no,not_domain_or_contract；cross_module_outbound；cross_module_inbound；too_many_consumers
src/modules/open-platform/server/tenant-account-management-repository.ts,server_repository,tenant_governance,126,no,6,4,2,5,1,3,2,0,1,no,,database,src/modules/open-platform/tenant_governance/index.ts,src/modules/open-platform/domain/tenant_governance/tenant-account-management-repository.ts,no,not_domain_or_contract；runtime_boundary；cross_module_outbound；reverse_dependency
src/modules/open-platform/server/tenant-account-management-service.ts,server_service,tenant_governance,185,no,6,2,0,5,5,3,1,0,0,no,,environment,src/modules/open-platform/tenant_governance/index.ts,src/modules/open-platform/domain/tenant_governance/tenant-account-management-service.ts,no,not_domain_or_contract；runtime_boundary；cross_module_outbound
src/modules/open-platform/server/tenant-commercial-records-repository.ts,server_repository,commercial_entitlement,68,no,4,3,1,3,0,6,2,0,0,no,,database,src/modules/open-platform/commercial_entitlement/index.ts,src/modules/open-platform/domain/commercial_entitlement/tenant-commercial-records-repository.ts,no,not_domain_or_contract；runtime_boundary
src/modules/open-platform/server/tenant-management-repository.ts,server_repository,tenant_governance,150,no,4,3,1,3,0,3,2,0,0,no,,database,src/modules/open-platform/tenant_governance/index.ts,src/modules/open-platform/domain/tenant_governance/tenant-management-repository.ts,no,not_domain_or_contract；runtime_boundary
src/modules/open-platform/server/tenant-plan-binding-repository.ts,server_repository,commercial_entitlement,188,no,8,5,4,7,1,4,2,0,1,no,,database,src/modules/open-platform/commercial_entitlement/index.ts,src/modules/open-platform/domain/commercial_entitlement/tenant-plan-binding-repository.ts,no,not_domain_or_contract；runtime_boundary；cross_module_outbound；reverse_dependency
src/modules/open-platform/server/tenant-plan-binding-service.ts,server_service,commercial_entitlement,298,no,7,4,2,6,4,4,1,0,0,no,,environment,src/modules/open-platform/commercial_entitlement/index.ts,src/modules/open-platform/domain/commercial_entitlement/tenant-plan-binding-service.ts,no,not_domain_or_contract；runtime_boundary；cross_module_outbound
src/modules/open-platform/server/tenant-plan-change-repository.ts,server_repository,commercial_entitlement,306,no,8,5,4,7,1,3,2,0,1,no,,database,src/modules/open-platform/commercial_entitlement/index.ts,src/modules/open-platform/domain/commercial_entitlement/tenant-plan-change-repository.ts,no,not_domain_or_contract；runtime_boundary；cross_module_outbound；reverse_dependency
src/modules/open-platform/server/tenant-plan-change-service.ts,server_service,commercial_entitlement,434,no,6,4,3,5,2,5,2,0,0,no,,environment,src/modules/open-platform/commercial_entitlement/index.ts,src/modules/open-platform/domain/commercial_entitlement/tenant-plan-change-service.ts,no,not_domain_or_contract；runtime_boundary；cross_module_outbound
src/modules/open-platform/server/trial-data-reset-service.ts,server_service,tenant_governance,235,yes,5,3,0,4,2,2,1,0,0,no,,database,src/modules/open-platform/tenant_governance/index.ts,src/modules/open-platform/domain/tenant_governance/trial-data-reset-service.ts,no,not_domain_or_contract；runtime_boundary；cross_module_outbound
src/modules/open-platform/server/vendorProviderConfig.ts,server_service,provider_config,154,no,6,3,4,5,1,2,1,0,0,no,,credential_or_provider,src/modules/open-platform/provider_config/index.ts,src/modules/open-platform/domain/provider_config/vendorProviderConfig.ts,no,not_domain_or_contract；runtime_boundary；cross_module_outbound；no_exports
src/modules/open-platform/server/vendorProviderConfigRepository.ts,server_repository,provider_config,111,no,5,3,2,4,0,9,2,1,1,no,,database；credential_or_provider,src/modules/open-platform/provider_config/index.ts,src/modules/open-platform/domain/provider_config/vendorProviderConfigRepository.ts,no,not_domain_or_contract；runtime_boundary；cross_module_inbound；reverse_dependency；too_many_consumers
src/modules/open-platform/server/vendorProviderConfigTypes.ts,server_service,provider_config,61,yes,3,0,2,3,1,6,3,0,0,no,,credential_or_provider,src/modules/open-platform/provider_config/index.ts,src/modules/open-platform/domain/provider_config/vendorProviderConfigTypes.ts,no,not_domain_or_contract；runtime_boundary；cross_module_outbound
src/modules/open-platform/server/vendorProviderSmoke.ts,server_service,provider_config,87,no,2,2,2,2,0,2,1,0,0,no,,credential_or_provider,src/modules/open-platform/provider_config/index.ts,src/modules/open-platform/domain/provider_config/vendorProviderSmoke.ts,no,not_domain_or_contract；runtime_boundary
src/modules/open-platform/tests/AiCreditMeteringRulesApiRoute.test.ts,test,ai_runtime,240,no,7,7,1,4,1,0,0,0,0,no,,database；environment；network；credential_or_provider,src/modules/open-platform/ai_runtime/index.ts,src/modules/open-platform/domain/ai_runtime/AiCreditMeteringRulesApiRoute.test.ts,no,not_domain_or_contract；runtime_boundary；cross_module_outbound；no_exports
src/modules/open-platform/tests/AiCreditMeteringRulesClient.test.ts,test,ai_runtime,166,no,2,2,1,1,0,0,0,0,0,no,,credential_or_provider,src/modules/open-platform/ai_runtime/index.ts,src/modules/open-platform/domain/ai_runtime/AiCreditMeteringRulesClient.test.ts,no,not_domain_or_contract；runtime_boundary；no_exports
src/modules/open-platform/tests/AiCreditMeteringRulesManagement.test.ts,test,ai_runtime,219,no,2,2,1,1,0,0,0,0,0,no,,network；credential_or_provider,src/modules/open-platform/ai_runtime/index.ts,src/modules/open-platform/domain/ai_runtime/AiCreditMeteringRulesManagement.test.ts,no,not_domain_or_contract；runtime_boundary；no_exports
src/modules/open-platform/tests/AiQuotaBoundaryPanel.test.tsx,test,commercial_entitlement,30,no,3,3,1,1,0,0,0,0,0,no,,browser_runtime,src/modules/open-platform/commercial_entitlement/index.ts,src/modules/open-platform/domain/commercial_entitlement/AiQuotaBoundaryPanel.test.tsx,no,not_plain_ts；not_domain_or_contract；runtime_boundary；no_exports
src/modules/open-platform/tests/AiUsageCreditsApiRoute.test.ts,test,shared,351,no,5,5,1,3,1,0,0,0,0,no,,database；network；credential_or_provider,src/modules/open-platform/shared/index.ts,src/modules/open-platform/domain/shared/AiUsageCreditsApiRoute.test.ts,no,not_domain_or_contract；shared_owner；runtime_boundary；cross_module_outbound；no_exports
src/modules/open-platform/tests/AiUsageCreditsClient.test.ts,test,shared,268,no,2,2,1,1,0,0,0,0,0,no,,credential_or_provider,src/modules/open-platform/shared/index.ts,src/modules/open-platform/domain/shared/AiUsageCreditsClient.test.ts,no,not_domain_or_contract；shared_owner；runtime_boundary；no_exports
src/modules/open-platform/tests/AiUsageCreditsManagement.test.ts,test,shared,429,no,2,2,1,1,0,0,0,0,0,no,,network；credential_or_provider,src/modules/open-platform/shared/index.ts,src/modules/open-platform/domain/shared/AiUsageCreditsManagement.test.ts,no,not_domain_or_contract；shared_owner；runtime_boundary；no_exports
src/modules/open-platform/tests/CommercialBoundaryPanel.test.tsx,test,commercial_entitlement,30,no,3,3,1,1,0,0,0,0,0,no,,browser_runtime,src/modules/open-platform/commercial_entitlement/index.ts,src/modules/open-platform/domain/commercial_entitlement/CommercialBoundaryPanel.test.tsx,no,not_plain_ts；not_domain_or_contract；runtime_boundary；no_exports
src/modules/open-platform/tests/HomepageBrandApiRoute.test.ts,test,homepage_brand,273,no,12,11,3,10,2,0,0,0,0,no,,database；network,src/modules/open-platform/homepage_brand/index.ts,src/modules/open-platform/domain/homepage_brand/HomepageBrandApiRoute.test.ts,no,not_domain_or_contract；runtime_boundary；cross_module_outbound；high_import_count；no_exports
src/modules/open-platform/tests/HomepageBrandAssetPublicRoute.test.ts,test,homepage_brand,46,no,4,4,1,2,0,0,0,0,0,no,,network,src/modules/open-platform/homepage_brand/index.ts,src/modules/open-platform/domain/homepage_brand/HomepageBrandAssetPublicRoute.test.ts,no,not_domain_or_contract；runtime_boundary；no_exports
src/modules/open-platform/tests/HomepageBrandAssetStorage.test.ts,test,homepage_brand,55,no,5,5,1,1,0,0,0,0,0,no,,environment,src/modules/open-platform/homepage_brand/index.ts,src/modules/open-platform/domain/homepage_brand/HomepageBrandAssetStorage.test.ts,no,not_domain_or_contract；runtime_boundary；no_exports
src/modules/open-platform/tests/HomepageBrandConfig.test.ts,test,homepage_brand,87,no,2,2,0,1,1,0,0,0,0,no,,network,src/modules/open-platform/homepage_brand/index.ts,src/modules/open-platform/domain/homepage_brand/HomepageBrandConfig.test.ts,no,not_domain_or_contract；runtime_boundary；cross_module_outbound；no_exports
src/modules/open-platform/tests/HomepageBrandLocalRepository.test.ts,test,homepage_brand,143,no,10,10,2,4,1,0,0,0,0,no,,database；environment,src/modules/open-platform/homepage_brand/index.ts,src/modules/open-platform/domain/homepage_brand/HomepageBrandLocalRepository.test.ts,no,not_domain_or_contract；runtime_boundary；cross_module_outbound；high_import_count；no_exports
src/modules/open-platform/tests/HomepageBrandPanel.test.tsx,test,homepage_brand,859,no,5,5,1,3,2,0,0,0,0,no,,browser_runtime,src/modules/open-platform/homepage_brand/index.ts,src/modules/open-platform/domain/homepage_brand/HomepageBrandPanel.test.tsx,no,not_plain_ts；not_domain_or_contract；runtime_boundary；cross_module_outbound；large_file；no_exports
src/modules/open-platform/tests/HomepageBrandRepository.test.ts,test,homepage_brand,39,no,4,4,1,1,0,0,0,0,0,no,,environment,src/modules/open-platform/homepage_brand/index.ts,src/modules/open-platform/domain/homepage_brand/HomepageBrandRepository.test.ts,no,not_domain_or_contract；runtime_boundary；no_exports
src/modules/open-platform/tests/HomepageBrandSchema.test.ts,test,homepage_brand,54,no,4,4,0,1,0,0,0,0,0,no,,database；environment,src/modules/open-platform/homepage_brand/index.ts,src/modules/open-platform/domain/homepage_brand/HomepageBrandSchema.test.ts,no,not_domain_or_contract；runtime_boundary；no_exports
src/modules/open-platform/tests/HomepageBrandService.test.ts,test,homepage_brand,357,no,3,3,1,2,1,0,0,0,0,no,,,src/modules/open-platform/homepage_brand/index.ts,src/modules/open-platform/domain/homepage_brand/HomepageBrandService.test.ts,no,not_domain_or_contract；cross_module_outbound；no_exports
src/modules/open-platform/tests/OpenConnectionRoadmapPanel.test.tsx,test,shared,29,no,3,3,1,1,0,0,0,0,0,no,,browser_runtime,src/modules/open-platform/shared/index.ts,src/modules/open-platform/domain/shared/OpenConnectionRoadmapPanel.test.tsx,no,not_plain_ts；not_domain_or_contract；shared_owner；runtime_boundary；no_exports
src/modules/open-platform/tests/OpenPlatformAiCreditMeteringRulesPanel.test.tsx,test,ai_runtime,224,no,3,3,1,1,0,0,0,0,0,no,,network；credential_or_provider,src/modules/open-platform/ai_runtime/index.ts,src/modules/open-platform/domain/ai_runtime/OpenPlatformAiCreditMeteringRulesPanel.test.tsx,no,not_plain_ts；not_domain_or_contract；runtime_boundary；no_exports
src/modules/open-platform/tests/OpenPlatformAiModelConfigContract.test.ts,test,platform_config,186,no,2,2,1,1,0,0,0,0,0,no,,network；credential_or_provider,src/modules/open-platform/platform_config/index.ts,src/modules/open-platform/domain/platform_config/OpenPlatformAiModelConfigContract.test.ts,no,not_domain_or_contract；runtime_boundary；no_exports
src/modules/open-platform/tests/OpenPlatformAiModelConfigPanel.test.tsx,test,platform_config,854,no,6,6,1,2,1,0,0,0,0,no,,environment；network；credential_or_provider,src/modules/open-platform/platform_config/index.ts,src/modules/open-platform/domain/platform_config/OpenPlatformAiModelConfigPanel.test.tsx,no,not_plain_ts；not_domain_or_contract；runtime_boundary；cross_module_outbound；large_file；no_exports
src/modules/open-platform/tests/OpenPlatformAiModelConfigPersistence.test.ts,test,platform_config,459,no,5,4,2,4,1,0,0,0,0,no,,database；network；credential_or_provider,src/modules/open-platform/platform_config/index.ts,src/modules/open-platform/domain/platform_config/OpenPlatformAiModelConfigPersistence.test.ts,no,not_domain_or_contract；runtime_boundary；cross_module_outbound；no_exports
src/modules/open-platform/tests/OpenPlatformAiModelRegistryContract.test.ts,test,shared,281,no,2,2,1,1,0,0,0,0,0,no,,credential_or_provider,src/modules/open-platform/shared/index.ts,src/modules/open-platform/domain/shared/OpenPlatformAiModelRegistryContract.test.ts,no,not_domain_or_contract；shared_owner；runtime_boundary；no_exports
src/modules/open-platform/tests/OpenPlatformAiModelVendorOperations.test.ts,test,provider_config,682,no,10,9,3,7,2,0,0,0,0,no,,database；environment；network；credential_or_provider,src/modules/open-platform/provider_config/index.ts,src/modules/open-platform/domain/provider_config/OpenPlatformAiModelVendorOperations.test.ts,no,not_domain_or_contract；runtime_boundary；cross_module_outbound；large_file；high_import_count；no_exports
src/modules/open-platform/tests/OpenPlatformAiProviderConfig.test.ts,test,provider_config,295,no,6,6,2,4,1,0,0,0,0,no,,environment；network；credential_or_provider,src/modules/open-platform/provider_config/index.ts,src/modules/open-platform/domain/provider_config/OpenPlatformAiProviderConfig.test.ts,no,not_domain_or_contract；runtime_boundary；cross_module_outbound；no_exports
src/modules/open-platform/tests/OpenPlatformAiReadonlyContract.test.ts,test,shared,154,no,3,3,1,2,0,0,0,0,0,no,,network；credential_or_provider,src/modules/open-platform/shared/index.ts,src/modules/open-platform/domain/shared/OpenPlatformAiReadonlyContract.test.ts,no,not_domain_or_contract；shared_owner；runtime_boundary；no_exports
src/modules/open-platform/tests/OpenPlatformAiReadonlyPanel.test.tsx,test,shared,224,no,4,4,1,2,1,0,0,0,0,no,,,src/modules/open-platform/shared/index.ts,src/modules/open-platform/domain/shared/OpenPlatformAiReadonlyPanel.test.tsx,no,not_plain_ts；not_domain_or_contract；shared_owner；cross_module_outbound；no_exports
src/modules/open-platform/tests/OpenPlatformAiRuntimeConfig.test.ts,test,platform_config,149,no,4,4,1,3,1,0,0,0,0,no,,network；credential_or_provider,src/modules/open-platform/platform_config/index.ts,src/modules/open-platform/domain/platform_config/OpenPlatformAiRuntimeConfig.test.ts,no,not_domain_or_contract；runtime_boundary；cross_module_outbound；no_exports
src/modules/open-platform/tests/OpenPlatformAiRuntimeSmoke.test.ts,test,ai_runtime,301,no,6,6,2,5,2,0,0,0,0,no,,network；credential_or_provider,src/modules/open-platform/ai_runtime/index.ts,src/modules/open-platform/domain/ai_runtime/OpenPlatformAiRuntimeSmoke.test.ts,no,not_domain_or_contract；runtime_boundary；cross_module_outbound；no_exports
src/modules/open-platform/tests/OpenPlatformAiUsageCostContract.test.ts,test,shared,151,no,2,2,1,1,0,0,0,0,0,no,,credential_or_provider,src/modules/open-platform/shared/index.ts,src/modules/open-platform/domain/shared/OpenPlatformAiUsageCostContract.test.ts,no,not_domain_or_contract；shared_owner；runtime_boundary；no_exports
src/modules/open-platform/tests/OpenPlatformAiUsageCreditsPanel.test.tsx,test,shared,884,no,3,3,1,1,0,0,0,0,0,no,,network；browser_runtime；credential_or_provider,src/modules/open-platform/shared/index.ts,src/modules/open-platform/domain/shared/OpenPlatformAiUsageCreditsPanel.test.tsx,no,not_plain_ts；not_domain_or_contract；shared_owner；runtime_boundary；large_file；no_exports
src/modules/open-platform/tests/OpenPlatformAuditEventsPanel.test.tsx,test,audit,235,no,3,3,1,1,0,0,0,0,0,no,,,src/modules/open-platform/audit/index.ts,src/modules/open-platform/domain/audit/OpenPlatformAuditEventsPanel.test.tsx,no,not_plain_ts；not_domain_or_contract；no_exports
src/modules/open-platform/tests/OpenPlatformGovernanceDomain.test.ts,test,shared,112,no,3,3,1,2,1,0,0,0,0,no,,browser_runtime；credential_or_provider,src/modules/open-platform/shared/index.ts,src/modules/open-platform/domain/shared/OpenPlatformGovernanceDomain.test.ts,no,not_domain_or_contract；shared_owner；runtime_boundary；cross_module_outbound；no_exports
src/modules/open-platform/tests/OpenPlatformGovernancePanel.test.tsx,test,shared,39,no,3,3,1,1,0,0,0,0,0,no,,browser_runtime,src/modules/open-platform/shared/index.ts,src/modules/open-platform/domain/shared/OpenPlatformGovernancePanel.test.tsx,no,not_plain_ts；not_domain_or_contract；shared_owner；runtime_boundary；no_exports
src/modules/open-platform/tests/OpenPlatformKnowledgeManagementApiContract.test.ts,test,knowledge,287,no,5,5,1,4,0,0,0,0,0,no,,network,src/modules/open-platform/knowledge/index.ts,src/modules/open-platform/domain/knowledge/OpenPlatformKnowledgeManagementApiContract.test.ts,no,not_domain_or_contract；runtime_boundary；no_exports
src/modules/open-platform/tests/OpenPlatformKnowledgeManagementPanel.test.tsx,test,knowledge,1910,no,7,7,3,4,1,0,0,0,0,no,,network,src/modules/open-platform/knowledge/index.ts,src/modules/open-platform/domain/knowledge/OpenPlatformKnowledgeManagementPanel.test.tsx,no,not_plain_ts；not_domain_or_contract；runtime_boundary；cross_module_outbound；large_file；no_exports
src/modules/open-platform/tests/OpenPlatformKnowledgeManagementRealApiRoute.test.ts,test,knowledge,541,no,9,8,1,6,0,0,0,0,0,no,,database；network,src/modules/open-platform/knowledge/index.ts,src/modules/open-platform/domain/knowledge/OpenPlatformKnowledgeManagementRealApiRoute.test.ts,no,not_domain_or_contract；runtime_boundary；high_import_count；no_exports
src/modules/open-platform/tests/OpenPlatformKnowledgeManagementRealCore.test.ts,test,knowledge,333,no,3,2,2,2,0,0,0,0,0,no,,,src/modules/open-platform/knowledge/index.ts,src/modules/open-platform/domain/knowledge/OpenPlatformKnowledgeManagementRealCore.test.ts,no,not_domain_or_contract；no_exports
src/modules/open-platform/tests/OpenPlatformTenantManagementApiRoute.test.ts,test,tenant_governance,364,no,6,5,1,5,2,0,0,0,0,no,,database；network,src/modules/open-platform/tenant_governance/index.ts,src/modules/open-platform/domain/tenant_governance/OpenPlatformTenantManagementApiRoute.test.ts,no,not_domain_or_contract；runtime_boundary；cross_module_outbound；no_exports
src/modules/open-platform/tests/OpenPlatformTenantManagementDomain.test.ts,test,tenant_governance,218,no,3,3,1,1,0,0,0,0,0,no,,,src/modules/open-platform/tenant_governance/index.ts,src/modules/open-platform/domain/tenant_governance/OpenPlatformTenantManagementDomain.test.ts,no,not_domain_or_contract；no_exports
src/modules/open-platform/tests/OpenPlatformTenantManagementPanel.test.tsx,test,tenant_governance,1066,no,3,3,1,1,0,0,0,0,0,no,,browser_runtime,src/modules/open-platform/tenant_governance/index.ts,src/modules/open-platform/domain/tenant_governance/OpenPlatformTenantManagementPanel.test.tsx,no,not_plain_ts；not_domain_or_contract；runtime_boundary；large_file；no_exports
src/modules/open-platform/tests/OpenPlatformTenantManagementRepository.test.ts,test,tenant_governance,390,no,5,4,1,3,0,0,0,0,0,no,,database,src/modules/open-platform/tenant_governance/index.ts,src/modules/open-platform/domain/tenant_governance/OpenPlatformTenantManagementRepository.test.ts,no,not_domain_or_contract；runtime_boundary；no_exports
src/modules/open-platform/tests/OpenPlatformTenantManagementView.test.ts,test,tenant_governance,137,no,3,2,2,2,0,0,0,0,0,no,,,src/modules/open-platform/tenant_governance/index.ts,src/modules/open-platform/domain/tenant_governance/OpenPlatformTenantManagementView.test.ts,no,not_domain_or_contract；no_exports
src/modules/open-platform/tests/PackageAiQuotaReadonlyApiRoute.test.ts,test,commercial_entitlement,123,no,3,3,0,2,1,0,0,0,0,no,,database；network；credential_or_provider,src/modules/open-platform/commercial_entitlement/index.ts,src/modules/open-platform/domain/commercial_entitlement/PackageAiQuotaReadonlyApiRoute.test.ts,no,not_domain_or_contract；runtime_boundary；cross_module_outbound；no_exports
src/modules/open-platform/tests/PackageAiQuotaReadonlyService.test.ts,test,commercial_entitlement,102,no,2,2,1,1,0,0,0,0,0,no,,credential_or_provider,src/modules/open-platform/commercial_entitlement/index.ts,src/modules/open-platform/domain/commercial_entitlement/PackageAiQuotaReadonlyService.test.ts,no,not_domain_or_contract；runtime_boundary；no_exports
src/modules/open-platform/tests/PlanCatalogApiRoute.test.ts,test,commercial_entitlement,365,no,10,9,1,9,2,0,0,0,0,no,,database；network,src/modules/open-platform/commercial_entitlement/index.ts,src/modules/open-platform/domain/commercial_entitlement/PlanCatalogApiRoute.test.ts,no,not_domain_or_contract；runtime_boundary；cross_module_outbound；high_import_count；no_exports
src/modules/open-platform/tests/PlanCatalogDomain.test.ts,test,commercial_entitlement,180,no,2,2,1,1,0,0,0,0,0,no,,,src/modules/open-platform/commercial_entitlement/index.ts,src/modules/open-platform/domain/commercial_entitlement/PlanCatalogDomain.test.ts,no,not_domain_or_contract；no_exports
src/modules/open-platform/tests/PlanCatalogRepository.test.ts,test,commercial_entitlement,173,no,5,4,1,3,0,0,0,0,0,no,,database,src/modules/open-platform/commercial_entitlement/index.ts,src/modules/open-platform/domain/commercial_entitlement/PlanCatalogRepository.test.ts,no,not_domain_or_contract；runtime_boundary；no_exports
src/modules/open-platform/tests/PlatformCommercialHealthClient.test.ts,test,commercial_entitlement,134,no,2,2,1,1,0,0,0,0,0,no,,,src/modules/open-platform/commercial_entitlement/index.ts,src/modules/open-platform/domain/commercial_entitlement/PlatformCommercialHealthClient.test.ts,no,not_domain_or_contract；no_exports
src/modules/open-platform/tests/PlatformCommercialHealthDomain.test.ts,test,commercial_entitlement,438,no,4,2,2,3,1,0,0,0,0,no,,,src/modules/open-platform/commercial_entitlement/index.ts,src/modules/open-platform/domain/commercial_entitlement/PlatformCommercialHealthDomain.test.ts,no,not_domain_or_contract；cross_module_outbound；no_exports
src/modules/open-platform/tests/PlatformConsoleUx.test.tsx,test,shared,16,no,3,3,0,1,1,0,0,0,0,no,,,src/modules/open-platform/shared/index.ts,src/modules/open-platform/domain/shared/PlatformConsoleUx.test.tsx,no,not_plain_ts；not_domain_or_contract；shared_owner；cross_module_outbound；no_exports
src/modules/open-platform/tests/PlatformEntitlementUsageApiRoute.test.ts,test,commercial_entitlement,192,no,3,3,0,2,1,0,0,0,0,no,,database；network；credential_or_provider,src/modules/open-platform/commercial_entitlement/index.ts,src/modules/open-platform/domain/commercial_entitlement/PlatformEntitlementUsageApiRoute.test.ts,no,not_domain_or_contract；runtime_boundary；cross_module_outbound；no_exports
src/modules/open-platform/tests/PlatformKnowledgeAiProviderSafetyAdapter.test.ts,test,knowledge,200,no,2,2,1,1,0,0,0,0,0,no,,credential_or_provider,src/modules/open-platform/knowledge/index.ts,src/modules/open-platform/domain/knowledge/PlatformKnowledgeAiProviderSafetyAdapter.test.ts,no,not_domain_or_contract；runtime_boundary；no_exports
src/modules/open-platform/tests/PlatformKnowledgeAiProviderSafetyAdapterDoc.test.ts,test,knowledge,26,no,2,2,0,0,0,0,0,0,0,no,,environment,src/modules/open-platform/knowledge/index.ts,src/modules/open-platform/domain/knowledge/PlatformKnowledgeAiProviderSafetyAdapterDoc.test.ts,no,not_domain_or_contract；runtime_boundary；no_exports
src/modules/open-platform/tests/PlatformKnowledgeAiReadinessE2EDoc.test.ts,test,knowledge,28,no,2,2,0,0,0,0,0,0,0,no,,environment,src/modules/open-platform/knowledge/index.ts,src/modules/open-platform/domain/knowledge/PlatformKnowledgeAiReadinessE2EDoc.test.ts,no,not_domain_or_contract；runtime_boundary；no_exports
src/modules/open-platform/tests/PlatformKnowledgeAiReadinessEvaluation.test.ts,test,knowledge,447,no,8,5,7,7,0,0,0,0,0,no,,credential_or_provider,src/modules/open-platform/knowledge/index.ts,src/modules/open-platform/domain/knowledge/PlatformKnowledgeAiReadinessEvaluation.test.ts,no,not_domain_or_contract；runtime_boundary；no_exports
src/modules/open-platform/tests/PlatformKnowledgeDirectoryManagementApiRoute.test.ts,test,knowledge,408,no,9,9,1,7,2,0,0,0,0,no,,database；network,src/modules/open-platform/knowledge/index.ts,src/modules/open-platform/domain/knowledge/PlatformKnowledgeDirectoryManagementApiRoute.test.ts,no,not_domain_or_contract；runtime_boundary；cross_module_outbound；high_import_count；no_exports
src/modules/open-platform/tests/PlatformKnowledgeDocumentParsingApiRoute.test.ts,test,knowledge,641,no,18,14,4,11,2,0,0,0,0,no,,database；environment；network；next_runtime,src/modules/open-platform/knowledge/index.ts,src/modules/open-platform/domain/knowledge/PlatformKnowledgeDocumentParsingApiRoute.test.ts,no,not_domain_or_contract；runtime_boundary；cross_module_outbound；large_file；high_import_count；no_exports
src/modules/open-platform/tests/PlatformKnowledgeDocumentParsingService.test.ts,test,knowledge,1231,no,9,7,4,6,2,0,0,0,0,no,,environment；network；browser_runtime,src/modules/open-platform/knowledge/index.ts,src/modules/open-platform/domain/knowledge/PlatformKnowledgeDocumentParsingService.test.ts,no,not_domain_or_contract；runtime_boundary；cross_module_outbound；large_file；high_import_count；no_exports
src/modules/open-platform/tests/PlatformKnowledgeEmbeddingVectorSearchApiRoute.test.ts,test,knowledge,271,no,8,8,1,6,1,0,0,0,0,no,,database；network,src/modules/open-platform/knowledge/index.ts,src/modules/open-platform/domain/knowledge/PlatformKnowledgeEmbeddingVectorSearchApiRoute.test.ts,no,not_domain_or_contract；runtime_boundary；cross_module_outbound；no_exports
src/modules/open-platform/tests/PlatformKnowledgeEmbeddingVectorSearchService.test.ts,test,knowledge,634,no,3,2,2,2,0,0,0,0,0,no,,network；credential_or_provider,src/modules/open-platform/knowledge/index.ts,src/modules/open-platform/domain/knowledge/PlatformKnowledgeEmbeddingVectorSearchService.test.ts,no,not_domain_or_contract；runtime_boundary；large_file；no_exports
src/modules/open-platform/tests/PlatformKnowledgeFileManagementApiRoute.test.ts,test,knowledge,539,no,20,17,3,11,2,0,0,0,0,no,,database；environment；network；next_runtime,src/modules/open-platform/knowledge/index.ts,src/modules/open-platform/domain/knowledge/PlatformKnowledgeFileManagementApiRoute.test.ts,no,not_domain_or_contract；runtime_boundary；cross_module_outbound；high_import_count；no_exports
src/modules/open-platform/tests/PlatformKnowledgeFileManagementService.test.ts,test,knowledge,543,no,4,3,2,3,1,0,0,0,0,no,,,src/modules/open-platform/knowledge/index.ts,src/modules/open-platform/domain/knowledge/PlatformKnowledgeFileManagementService.test.ts,no,not_domain_or_contract；cross_module_outbound；no_exports
src/modules/open-platform/tests/PlatformKnowledgeFileStorage.test.ts,test,knowledge,50,no,5,5,1,1,0,0,0,0,0,no,,environment,src/modules/open-platform/knowledge/index.ts,src/modules/open-platform/domain/knowledge/PlatformKnowledgeFileStorage.test.ts,no,not_domain_or_contract；runtime_boundary；no_exports
src/modules/open-platform/tests/PlatformKnowledgeIndexingJobService.test.ts,test,knowledge,531,no,5,3,4,4,0,0,0,0,0,no,,credential_or_provider,src/modules/open-platform/knowledge/index.ts,src/modules/open-platform/domain/knowledge/PlatformKnowledgeIndexingJobService.test.ts,no,not_domain_or_contract；runtime_boundary；no_exports
src/modules/open-platform/tests/PlatformKnowledgeKeywordSearchApiRoute.test.ts,test,knowledge,241,no,7,7,1,5,1,0,0,0,0,no,,database；network,src/modules/open-platform/knowledge/index.ts,src/modules/open-platform/domain/knowledge/PlatformKnowledgeKeywordSearchApiRoute.test.ts,no,not_domain_or_contract；runtime_boundary；cross_module_outbound；no_exports
src/modules/open-platform/tests/PlatformKnowledgeKeywordSearchService.test.ts,test,knowledge,395,no,3,2,2,2,0,0,0,0,0,no,,,src/modules/open-platform/knowledge/index.ts,src/modules/open-platform/domain/knowledge/PlatformKnowledgeKeywordSearchService.test.ts,no,not_domain_or_contract；no_exports
src/modules/open-platform/tests/PlatformKnowledgeMockContract.test.ts,test,knowledge,108,no,2,2,1,1,0,0,0,0,0,no,,,src/modules/open-platform/knowledge/index.ts,src/modules/open-platform/domain/knowledge/PlatformKnowledgeMockContract.test.ts,no,not_domain_or_contract；no_exports
src/modules/open-platform/tests/PlatformKnowledgeProductionGoNoGoAcceptance.test.ts,test,knowledge,431,no,10,7,7,7,0,0,0,0,0,no,,environment；credential_or_provider,src/modules/open-platform/knowledge/index.ts,src/modules/open-platform/domain/knowledge/PlatformKnowledgeProductionGoNoGoAcceptance.test.ts,no,not_domain_or_contract；runtime_boundary；high_import_count；no_exports
src/modules/open-platform/tests/PlatformKnowledgeProductionGoNoGoDoc.test.ts,test,knowledge,36,no,2,2,0,0,0,0,0,0,0,no,,environment,src/modules/open-platform/knowledge/index.ts,src/modules/open-platform/domain/knowledge/PlatformKnowledgeProductionGoNoGoDoc.test.ts,no,not_domain_or_contract；runtime_boundary；no_exports
src/modules/open-platform/tests/PlatformKnowledgeProductionGovernanceDoc.test.ts,test,knowledge,36,no,3,3,0,0,0,0,0,0,0,no,,environment,src/modules/open-platform/knowledge/index.ts,src/modules/open-platform/domain/knowledge/PlatformKnowledgeProductionGovernanceDoc.test.ts,no,not_domain_or_contract；runtime_boundary；no_exports
src/modules/open-platform/tests/PlatformKnowledgeProductionGovernancePolicy.test.ts,test,knowledge,571,no,5,5,1,2,1,0,0,0,0,no,,environment,src/modules/open-platform/knowledge/index.ts,src/modules/open-platform/domain/knowledge/PlatformKnowledgeProductionGovernancePolicy.test.ts,no,not_domain_or_contract；runtime_boundary；cross_module_outbound；no_exports
src/modules/open-platform/tests/PlatformKnowledgeQaApiRoute.test.ts,test,knowledge,644,no,16,16,1,9,1,0,0,0,0,no,,database；environment；network；next_runtime,src/modules/open-platform/knowledge/index.ts,src/modules/open-platform/domain/knowledge/PlatformKnowledgeQaApiRoute.test.ts,no,not_domain_or_contract；runtime_boundary；cross_module_outbound；large_file；high_import_count；no_exports
src/modules/open-platform/tests/PlatformKnowledgeQaFinalAcceptanceDoc.test.ts,test,knowledge,40,no,3,3,0,0,0,0,0,0,0,no,,environment,src/modules/open-platform/knowledge/index.ts,src/modules/open-platform/domain/knowledge/PlatformKnowledgeQaFinalAcceptanceDoc.test.ts,no,not_domain_or_contract；runtime_boundary；no_exports
src/modules/open-platform/tests/PlatformKnowledgeQaService.test.ts,test,knowledge,609,no,7,4,6,6,0,0,0,0,0,no,,credential_or_provider,src/modules/open-platform/knowledge/index.ts,src/modules/open-platform/domain/knowledge/PlatformKnowledgeQaService.test.ts,no,not_domain_or_contract；runtime_boundary；large_file；no_exports
src/modules/open-platform/tests/ProductPlanPanel.test.tsx,test,commercial_entitlement,455,no,3,3,1,1,0,0,0,0,0,no,,,src/modules/open-platform/commercial_entitlement/index.ts,src/modules/open-platform/domain/commercial_entitlement/ProductPlanPanel.test.tsx,no,not_plain_ts；not_domain_or_contract；no_exports
src/modules/open-platform/tests/TenantAccountManagementApiRoute.test.ts,test,tenant_governance,313,no,8,7,1,6,3,0,0,0,0,no,,database；network,src/modules/open-platform/tenant_governance/index.ts,src/modules/open-platform/domain/tenant_governance/TenantAccountManagementApiRoute.test.ts,no,not_domain_or_contract；runtime_boundary；cross_module_outbound；no_exports
src/modules/open-platform/tests/TenantAccountManagementRepository.test.ts,test,tenant_governance,473,no,5,4,1,3,0,0,0,0,0,no,,database,src/modules/open-platform/tenant_governance/index.ts,src/modules/open-platform/domain/tenant_governance/TenantAccountManagementRepository.test.ts,no,not_domain_or_contract；runtime_boundary；no_exports
src/modules/open-platform/tests/TenantAccountManagementService.test.ts,test,tenant_governance,187,no,2,2,1,1,0,0,0,0,0,no,,,src/modules/open-platform/tenant_governance/index.ts,src/modules/open-platform/domain/tenant_governance/TenantAccountManagementService.test.ts,no,not_domain_or_contract；no_exports
src/modules/open-platform/tests/TenantCommercialRecordsApiRoute.test.ts,test,commercial_entitlement,168,no,6,5,1,5,2,0,0,0,0,no,,database；network,src/modules/open-platform/commercial_entitlement/index.ts,src/modules/open-platform/domain/commercial_entitlement/TenantCommercialRecordsApiRoute.test.ts,no,not_domain_or_contract；runtime_boundary；cross_module_outbound；no_exports
src/modules/open-platform/tests/TenantCommercialRecordsDomain.test.ts,test,commercial_entitlement,70,no,2,2,1,1,0,0,0,0,0,no,,,src/modules/open-platform/commercial_entitlement/index.ts,src/modules/open-platform/domain/commercial_entitlement/TenantCommercialRecordsDomain.test.ts,no,not_domain_or_contract；no_exports
src/modules/open-platform/tests/TenantCommercialRecordsRepository.test.ts,test,commercial_entitlement,108,no,5,4,1,3,0,0,0,0,0,no,,database,src/modules/open-platform/commercial_entitlement/index.ts,src/modules/open-platform/domain/commercial_entitlement/TenantCommercialRecordsRepository.test.ts,no,not_domain_or_contract；runtime_boundary；no_exports
src/modules/open-platform/tests/TenantPlanBindingApiRoute.test.ts,test,commercial_entitlement,412,no,9,8,1,7,3,0,0,0,0,no,,database；network,src/modules/open-platform/commercial_entitlement/index.ts,src/modules/open-platform/domain/commercial_entitlement/TenantPlanBindingApiRoute.test.ts,no,not_domain_or_contract；runtime_boundary；cross_module_outbound；high_import_count；no_exports
src/modules/open-platform/tests/TenantPlanBindingDomain.test.ts,test,commercial_entitlement,121,no,2,2,1,1,0,0,0,0,0,no,,,src/modules/open-platform/commercial_entitlement/index.ts,src/modules/open-platform/domain/commercial_entitlement/TenantPlanBindingDomain.test.ts,no,not_domain_or_contract；no_exports
src/modules/open-platform/tests/TenantPlanBindingRepository.test.ts,test,commercial_entitlement,443,no,5,4,1,3,0,0,0,0,0,no,,database,src/modules/open-platform/commercial_entitlement/index.ts,src/modules/open-platform/domain/commercial_entitlement/TenantPlanBindingRepository.test.ts,no,not_domain_or_contract；runtime_boundary；no_exports
src/modules/open-platform/tests/TenantPlanBindingService.test.ts,test,commercial_entitlement,397,no,2,2,1,1,0,0,0,0,0,no,,,src/modules/open-platform/commercial_entitlement/index.ts,src/modules/open-platform/domain/commercial_entitlement/TenantPlanBindingService.test.ts,no,not_domain_or_contract；no_exports
src/modules/open-platform/tests/TenantPlanChangeApiRoute.test.ts,test,commercial_entitlement,422,no,8,6,2,7,2,0,0,0,0,no,,database；network,src/modules/open-platform/commercial_entitlement/index.ts,src/modules/open-platform/domain/commercial_entitlement/TenantPlanChangeApiRoute.test.ts,no,not_domain_or_contract；runtime_boundary；cross_module_outbound；no_exports
src/modules/open-platform/tests/TenantPlanChangeDomain.test.ts,test,commercial_entitlement,158,no,3,2,2,2,0,0,0,0,0,no,,,src/modules/open-platform/commercial_entitlement/index.ts,src/modules/open-platform/domain/commercial_entitlement/TenantPlanChangeDomain.test.ts,no,not_domain_or_contract；no_exports
src/modules/open-platform/tests/TenantPlanChangeRepository.test.ts,test,commercial_entitlement,392,no,5,4,1,3,0,0,0,0,0,no,,database,src/modules/open-platform/commercial_entitlement/index.ts,src/modules/open-platform/domain/commercial_entitlement/TenantPlanChangeRepository.test.ts,no,not_domain_or_contract；runtime_boundary；no_exports
src/modules/open-platform/tests/TenantPlanChangeService.test.ts,test,commercial_entitlement,447,no,3,2,2,2,0,0,0,0,0,no,,,src/modules/open-platform/commercial_entitlement/index.ts,src/modules/open-platform/domain/commercial_entitlement/TenantPlanChangeService.test.ts,no,not_domain_or_contract；no_exports
src/modules/open-platform/tests/TrialDataResetService.test.ts,test,tenant_governance,66,no,3,3,1,2,0,0,0,0,0,no,,database,src/modules/open-platform/tenant_governance/index.ts,src/modules/open-platform/domain/tenant_governance/TrialDataResetService.test.ts,no,not_domain_or_contract；runtime_boundary；no_exports
src/modules/open-platform/tests/VendorCatalog.test.ts,test,provider_config,80,no,4,4,1,1,0,0,0,0,0,no,,environment；network,src/modules/open-platform/provider_config/index.ts,src/modules/open-platform/domain/provider_config/VendorCatalog.test.ts,no,not_domain_or_contract；runtime_boundary；no_exports
src/modules/open-platform/tests/VendorProviderConfig.test.ts,test,provider_config,482,no,9,7,4,6,1,0,0,0,0,no,,database；environment；network；credential_or_provider,src/modules/open-platform/provider_config/index.ts,src/modules/open-platform/domain/provider_config/VendorProviderConfig.test.ts,no,not_domain_or_contract；runtime_boundary；cross_module_outbound；high_import_count；no_exports
src/modules/open-platform/tests/VendorProviderSmoke.test.ts,test,provider_config,306,no,6,4,3,5,1,0,0,0,0,no,,network；credential_or_provider,src/modules/open-platform/provider_config/index.ts,src/modules/open-platform/domain/provider_config/VendorProviderSmoke.test.ts,no,not_domain_or_contract；runtime_boundary；cross_module_outbound；no_exports
src/modules/open-platform/tests/WeComCustomerDataGovernanceApiRoute.test.ts,test,shared,227,no,5,4,1,4,2,0,0,0,0,no,,network；credential_or_provider,src/modules/open-platform/shared/index.ts,src/modules/open-platform/domain/shared/WeComCustomerDataGovernanceApiRoute.test.ts,no,not_domain_or_contract；shared_owner；runtime_boundary；cross_module_outbound；no_exports
src/modules/open-platform/tests/WeComCustomerDataGovernanceDomain.test.ts,test,shared,183,no,2,2,1,1,0,0,0,0,0,no,,credential_or_provider,src/modules/open-platform/shared/index.ts,src/modules/open-platform/domain/shared/WeComCustomerDataGovernanceDomain.test.ts,no,not_domain_or_contract；shared_owner；runtime_boundary；no_exports
src/modules/open-platform/tests/WeComCustomerDataGovernancePanel.test.tsx,test,shared,192,no,5,5,2,3,1,0,0,0,0,no,,credential_or_provider,src/modules/open-platform/shared/index.ts,src/modules/open-platform/domain/shared/WeComCustomerDataGovernancePanel.test.tsx,no,not_plain_ts；not_domain_or_contract；shared_owner；runtime_boundary；cross_module_outbound；no_exports
