module_name,module_path,typescript_file_count,ts_file_count,tsx_file_count,representative_test_file_count,representative_test_entry_points,runtime_boundary_file_count,runtime_boundary_ratio,domain_or_contract_file_count,domain_or_contract_ratio,stable_entry_file_count,cross_module_outbound_file_count,cross_module_outbound_edge_count,cross_module_outbound_modules,cross_module_inbound_file_count,cross_module_inbound_edge_count,cross_module_inbound_modules,closed_module_coupling_edge_count,mutual_module_dependency_count,mutual_module_dependencies,selection_score,selection_rank,selected,blocking_reasons,next_action
platform-homepage,src/modules/platform-homepage/,2,2,0,1,src/modules/platform-homepage/tests/PlatformHomepageContentContract.test.ts,0,0.0000,1,0.5000,0,0,0,,0,0,,0,0,,102.1203,1,no,,closed_no_candidate
institution-knowledge,src/modules/institution-knowledge/,8,8,0,4,src/modules/institution-knowledge/tests/KnowledgeJobDomain.test.ts|src/modules/institution-knowledge/tests/KnowledgeJobLeaseDomain.test.ts|src/modules/institution-knowledge/tests/KnowledgePublicationDomain.test.ts|src/modules/institution-knowledge/tests/KnowledgeVersioningDomain.test.ts,0,0.0000,8,1.0000,0,0,0,,0,0,,0,0,,96.0406,2,no,,superseded_by_cross_module_realignment
customer-center,src/modules/customer-center/,14,14,0,8,src/modules/customer-center/tests/CustomerCreationProjectCompatibility.test.ts|src/modules/customer-center/tests/CustomerCreationSelection.test.ts|src/modules/customer-center/tests/CustomerListItemBoundary.test.ts|src/modules/customer-center/tests/CustomerListItemProjection.test.ts|src/modules/customer-center/tests/CustomerOverviewProjection.test.ts|src/modules/customer-center/tests/CustomerProjectOverviewCompatibility.test.ts|src/modules/customer-center/tests/CustomerProjectSelection.test.ts|src/modules/customer-center/tests/CustomerQueryParser.test.ts,0,0.0000,6,0.4286,0,3,3,institution-contracts,0,0,,0,0,,93.9377,3,no,,superseded_by_cross_module_realignment
institution-conversations,src/modules/institution-conversations/,24,24,0,15,src/modules/institution-conversations/tests/ConversationActionProjection.test.ts|src/modules/institution-conversations/tests/ConversationActionProjectionBoundary.test.ts|src/modules/institution-conversations/tests/ConversationAssignmentBoundary.test.ts|src/modules/institution-conversations/tests/ConversationAssignmentDomain.test.ts|src/modules/institution-conversations/tests/ConversationCareDispositionBoundary.test.ts|src/modules/institution-conversations/tests/ConversationCareDispositionDomain.test.ts|src/modules/institution-conversations/tests/ConversationDomain.test.ts|src/modules/institution-conversations/tests/ConversationDomainBoundary.test.ts|src/modules/institution-conversations/tests/ConversationIdentityMatchReviewBoundary.test.ts|src/modules/institution-conversations/tests/ConversationIdentityMatchReviewDomain.test.ts|src/modules/institution-conversations/tests/ConversationMessageDomain.test.ts|src/modules/institution-conversations/tests/ConversationMessageResultDomain.test.ts|src/modules/institution-conversations/tests/ConversationRiskDomain.test.ts|src/modules/institution-conversations/tests/ConversationSegmentDomain.test.ts|src/modules/institution-conversations/tests/ConversationSegmentRiskBoundary.test.ts,0,0.0000,18,0.7500,0,2,4,institution-contracts,0,0,,0,0,,93.2492,4,no,,superseded_by_cross_module_realignment
care,src/modules/care/,14,14,0,6,src/modules/care/tests/FollowUpAssignmentDomain.test.ts|src/modules/care/tests/FollowUpAssignmentEligibilityDomain.test.ts|src/modules/care/tests/FollowUpBusinessTimeDomain.test.ts|src/modules/care/tests/FollowUpCommandPreconditionsDomain.test.ts|src/modules/care/tests/FollowUpDueBucketDomain.test.ts|src/modules/care/tests/FollowUpTaskDomain.test.ts,0,0.0000,14,1.0000,0,0,0,,0,0,,0,0,,92.7449,5,no,,superseded_by_cross_module_realignment
institution-analytics,src/modules/institution-analytics/,18,18,0,9,src/modules/institution-analytics/tests/AnalyticsConsumptionFacts.test.ts|src/modules/institution-analytics/tests/AnalyticsDataIntegrity.test.ts|src/modules/institution-analytics/tests/AnalyticsDataIntegrityPartitions.test.ts|src/modules/institution-analytics/tests/AnalyticsPeriodBuckets.test.ts|src/modules/institution-analytics/tests/AnalyticsPeriodResourcePolicy.test.ts|src/modules/institution-analytics/tests/AnalyticsPeriodsAndAggregation.test.ts|src/modules/institution-analytics/tests/AnalyticsReportInputBoundary.test.ts|src/modules/institution-analytics/tests/AnalyticsReportInputProposal.test.ts|src/modules/institution-analytics/tests/AnalyticsStableConsumptionRecord.test.ts,3,0.1667,10,0.5556,0,0,0,,0,0,,0,0,,91.5499,6,no,,superseded_by_cross_module_realignment
institution-system,src/modules/institution-system/,20,20,0,10,src/modules/institution-system/tests/AiUsageMetricsDomain.test.ts|src/modules/institution-system/tests/AiUsageMetricsSnapshotDomain.test.ts|src/modules/institution-system/tests/AiUsageOutcomesDomain.test.ts|src/modules/institution-system/tests/AiUsageServiceKeysDomain.test.ts|src/modules/institution-system/tests/AiUsageTimeWindowDomain.test.ts|src/modules/institution-system/tests/InstitutionAiUsageMetricsReader.test.ts|src/modules/institution-system/tests/InstitutionAiUsageServiceKeyPolicy.test.ts|src/modules/institution-system/tests/InstitutionAiUsageTerminalStatusPolicy.test.ts|src/modules/institution-system/tests/RawDataRetentionChangeDomain.test.ts|src/modules/institution-system/tests/RawDataRetentionPolicyDomain.test.ts,6,0.3000,18,0.9000,0,0,0,,1,1,institution,1,0,,88.1615,7,no,,superseded_by_cross_module_realignment
deployment,src/modules/deployment/,2,2,0,1,src/modules/deployment/tests/DeploymentVersionRoute.test.ts,1,0.5000,0,0.0000,0,0,0,,1,1,__outside_modules__,0,0,,82.7703,8,no,,superseded_by_cross_module_realignment
institution-contracts,src/modules/institution-contracts/,22,22,0,24,src/modules/institution-contracts/v1/tests/CareActionContract.test.ts|src/modules/institution-contracts/v1/tests/ConversationActionContract.test.ts|src/modules/institution-contracts/v1/tests/ConversationActionContractBoundary.test.ts|src/modules/institution-contracts/v1/tests/CustomerContract.test.ts|src/modules/institution-contracts/v1/tests/InstitutionActionContract.test.ts|src/modules/institution-contracts/v1/tests/InstitutionCapabilityContract.test.ts|src/modules/institution-contracts/v1/tests/InstitutionCapabilityRegistryContract.test.ts|src/modules/institution-contracts/v1/tests/InstitutionNavigationContract.test.ts|src/modules/institution-contracts/v1/tests/InstitutionOperatingContextContract.test.ts|src/modules/institution-contracts/v1/tests/InstitutionOperatingContextContractBoundary.test.ts|src/modules/institution-contracts/v1/tests/InstitutionRouteContract.test.ts|src/modules/institution-contracts/v1/tests/InstitutionSourceContract.test.ts|src/modules/institution-workbench/tests/HospitalWorkbenchEntry.test.tsx|src/modules/institution-workbench/tests/WorkbenchActionAggregation.test.ts|src/modules/institution-workbench/tests/WorkbenchActionContractBoundary.test.ts|src/modules/institution-workbench/tests/WorkbenchCapabilityContractBoundary.test.ts|src/modules/institution-workbench/tests/WorkbenchCapabilityProjection.test.ts|src/modules/institution-workbench/tests/WorkbenchLifecycleContractBoundary.test.ts|src/modules/institution-workbench/tests/WorkbenchLifecycleProjection.test.ts|src/modules/institution/tests/InstitutionCapabilityStatusReader.test.ts|src/modules/institution/tests/InstitutionRouteShell.test.tsx|src/modules/security/tests/InstitutionAccessDomain.test.ts|src/modules/security/tests/InstitutionRequestAuthorization.test.ts|src/modules/security/tests/InstitutionSectionGuard.test.ts,0,0.0000,12,0.5455,12,0,0,,37,61,__outside_modules__|auth|customer-center|institution|institution-conversations|institution-workbench|security,10,0,,76.5070,9,no,,superseded_by_cross_module_realignment
institution-workbench,src/modules/institution-workbench/,22,15,7,11,src/modules/institution-workbench/tests/HospitalWorkbenchEntry.test.tsx|src/modules/institution-workbench/tests/InstitutionWorkbenchCareCardAccessibility.test.tsx|src/modules/institution-workbench/tests/InstitutionWorkbenchLifecycleStatus.test.tsx|src/modules/institution-workbench/tests/InstitutionWorkbenchRuntime.test.ts|src/modules/institution-workbench/tests/InstitutionWorkbenchShell.test.tsx|src/modules/institution-workbench/tests/WorkbenchActionAggregation.test.ts|src/modules/institution-workbench/tests/WorkbenchActionContractBoundary.test.ts|src/modules/institution-workbench/tests/WorkbenchCapabilityContractBoundary.test.ts|src/modules/institution-workbench/tests/WorkbenchCapabilityProjection.test.ts|src/modules/institution-workbench/tests/WorkbenchLifecycleContractBoundary.test.ts|src/modules/institution-workbench/tests/WorkbenchLifecycleProjection.test.ts,6,0.2727,9,0.4091,4,16,45,auth|institution|institution-contracts|security,1,1,__outside_modules__,3,0,,73.7797,10,no,,superseded_by_cross_module_realignment
knowledge-base,src/modules/knowledge-base/,24,24,0,13,src/modules/knowledge-base/tests/V1KnowledgeBaseAuditReadonly.test.ts|src/modules/knowledge-base/tests/V1KnowledgeBaseDemoReadonlyApiContract.test.ts|src/modules/knowledge-base/tests/V1KnowledgeBaseDemoReadonlyApiRoute.test.ts|src/modules/knowledge-base/tests/V1KnowledgeBaseDemoReadonlyFacade.test.ts|src/modules/knowledge-base/tests/V1KnowledgeBaseDemoSourceContract.test.ts|src/modules/knowledge-base/tests/V1KnowledgeBaseEmbeddingVectorIndexRuntime.test.ts|src/modules/knowledge-base/tests/V1KnowledgeBaseGovernanceReadonly.test.ts|src/modules/knowledge-base/tests/V1KnowledgeBaseMvpE2EAcceptance.test.ts|src/modules/knowledge-base/tests/V1KnowledgeBaseRuntimeFoundation.test.ts|src/modules/knowledge-base/tests/V1KnowledgeBaseSearchRuntime.test.ts|src/modules/knowledge-base/tests/V1KnowledgeBaseUploadParseChunkRuntime.test.ts|src/modules/open-platform/tests/PlatformKnowledgeDocumentParsingService.test.ts|src/modules/open-platform/tests/PlatformKnowledgeProductionGovernancePolicy.test.ts,15,0.6250,9,0.3750,6,2,4,workspace,17,18,__outside_modules__|institution|open-platform|workspace,9,1,workspace,66.2492,11,no,,superseded_by_cross_module_realignment
marketing,src/modules/marketing/,4,1,3,8,src/modules/auth/tests/LoginShell.test.tsx|src/modules/marketing/tests/MarketingHome.test.tsx|src/modules/marketing/tests/MarketingPage.test.tsx|src/modules/open-platform/tests/HomepageBrandApiRoute.test.ts|src/modules/open-platform/tests/HomepageBrandConfig.test.ts|src/modules/open-platform/tests/HomepageBrandLocalRepository.test.ts|src/modules/open-platform/tests/HomepageBrandPanel.test.tsx|src/modules/open-platform/tests/HomepageBrandService.test.ts,3,0.7500,1,0.2500,0,1,2,open-platform,16,19,__outside_modules__|auth|open-platform,13,1,open-platform,64.0246,12,no,,superseded_by_cross_module_realignment
auth,src/modules/auth/,20,15,5,20,src/modules/auth/tests/AuthAccountDomain.test.ts|src/modules/auth/tests/AuthAccountRepository.test.ts|src/modules/auth/tests/AuthAccountService.test.ts|src/modules/auth/tests/AuthSessionDomain.test.ts|src/modules/auth/tests/DemoAuthRoutes.test.ts|src/modules/auth/tests/FormalAuthRoutes.test.ts|src/modules/auth/tests/FormalServerSessionProvenanceOwner.test.ts|src/modules/auth/tests/LoginShell.test.tsx|src/modules/auth/tests/PasswordHash.test.ts|src/modules/institution-workbench/tests/HospitalWorkbenchEntry.test.tsx|src/modules/institution/tests/DashboardStatsLegacyApiRoute.test.ts|src/modules/institution/tests/InstitutionServerRuntime.test.ts|src/modules/institution/tests/WeComCustomerMappingReadWriteBridge.test.ts|src/modules/institution/tests/WeComCustomerMappingReviewActionsApiRoute.test.ts|src/modules/security/tests/AccessContext.test.ts|src/modules/security/tests/InstitutionMembershipProvider.test.ts|src/modules/security/tests/InstitutionRequestAuthorization.test.ts|src/modules/security/tests/InstitutionScopeGuard.test.ts|src/modules/security/tests/InstitutionSectionGuard.test.ts|src/server/db/tests/Schema.test.ts,13,0.6500,4,0.2000,0,7,16,audit|institution-contracts|marketing|security,27,50,__outside_modules__|institution|institution-workbench|open-platform|security|workspace,14,1,security,35.1615,13,no,,superseded_by_cross_module_realignment
workspace,src/modules/workspace/,29,25,4,21,src/modules/institution/tests/WeComCustomerMappingCandidatesReadonlyPanel.test.tsx|src/modules/knowledge-base/tests/V1KnowledgeBaseMvpE2EAcceptance.test.ts|src/modules/open-platform/tests/OpenPlatformAiModelConfigPanel.test.tsx|src/modules/open-platform/tests/OpenPlatformAiReadonlyPanel.test.tsx|src/modules/open-platform/tests/OpenPlatformKnowledgeManagementPanel.test.tsx|src/modules/open-platform/tests/PlatformConsoleUx.test.tsx|src/modules/open-platform/tests/WeComCustomerDataGovernancePanel.test.tsx|src/modules/workspace/tests/V1BusinessClosedLoopReadonly.test.ts|src/modules/workspace/tests/V1BusinessClosedLoopReadonlyAggregation.test.ts|src/modules/workspace/tests/V1InstitutionPlatformManagementReadonlyConfig.test.ts|src/modules/workspace/tests/V1KnowledgeBaseCatalogReadonly.test.ts|src/modules/workspace/tests/V1KnowledgeBaseReadonlyBoundary.test.ts|src/modules/workspace/tests/V1KnowledgeBaseVersionVisibilityReadonly.test.ts|src/modules/workspace/tests/V1LowSensitivityFieldWhitelist.test.ts|src/modules/workspace/tests/V1ReadonlyDemoGateAcceptance.test.tsx|src/modules/workspace/tests/V1ReadonlyFeaturePolicy.test.ts|src/modules/workspace/tests/V1WorkspaceDashboardReadonlyAggregation.test.ts|src/modules/workspace/tests/V1WorkspaceDashboardReadonlyAggregationApiRoute.test.ts|src/modules/workspace/tests/V1WorkspaceDashboardReadonlyApiContract.test.ts|src/modules/workspace/tests/WorkspaceDashboardDomain.test.ts|src/modules/workspace/tests/WorkspaceEntryPages.test.tsx,5,0.1724,16,0.5517,2,9,52,audit|auth|institution|knowledge-base|open-platform|security,9,11,__outside_modules__|institution|knowledge-base|open-platform,50,3,institution|knowledge-base|open-platform,13.1328,14,no,,superseded_by_cross_module_realignment
audit,src/modules/audit/,12,12,0,41,src/modules/audit/tests/AuditEventQueryParser.test.ts|src/modules/audit/tests/AuditEventRepository.test.ts|src/modules/audit/tests/AuditEventsDomain.test.ts|src/modules/audit/tests/InstitutionAuditEventsApiRoute.test.ts|src/modules/audit/tests/OpenPlatformAuditEventsApiRoute.test.ts|src/modules/auth/tests/FormalAuthRoutes.test.ts|src/modules/institution/tests/CustomerFollowUpFeedbackApiRoute.test.ts|src/modules/institution/tests/CustomerFollowUpOverviewApiRoute.test.ts|src/modules/institution/tests/CustomerFollowUpTimelineApiRoute.test.ts|src/modules/institution/tests/CustomerImportApiRoute.test.ts|src/modules/institution/tests/CustomerTimelineApiRoutes.test.ts|src/modules/institution/tests/DashboardStatsLegacyApiRoute.test.ts|src/modules/institution/tests/FollowUpMessageDraftApiRoutes.test.ts|src/modules/institution/tests/FollowUpMessageDraftService.test.ts|src/modules/institution/tests/FollowUpOperationsDashboardApiRoutes.test.ts|src/modules/institution/tests/FollowUpPathAnalysisApiRoutes.test.ts|src/modules/institution/tests/FollowUpPathEnrollmentApiRoutes.test.ts|src/modules/institution/tests/HisConnectionApiRoutes.test.ts|src/modules/institution/tests/HisConnectionCredentialApiRoutes.test.ts|src/modules/institution/tests/HisConnectionCredentialService.test.ts|src/modules/institution/tests/HisConnectionStatusService.test.ts|src/modules/institution/tests/HisConnectionTestConnectionApiRoute.test.ts|src/modules/institution/tests/HisConnectionTestConnectionService.test.ts|src/modules/institution/tests/HisConnectionWriteService.test.ts|src/modules/institution/tests/RealChannelPreflightApiRoute.test.ts|src/modules/institution/tests/TenantBusinessApiRoutes.test.ts|src/modules/institution/tests/TreatmentFollowUpLinkApiRoutes.test.ts|src/modules/institution/tests/TreatmentFollowUpSuggestionsApiRoute.test.ts|src/modules/institution/tests/TreatmentSummaryApiRoutes.test.ts|src/modules/institution/tests/TreatmentSummaryCreateApiRoute.test.ts|src/modules/institution/tests/TreatmentSummaryListApiRoutes.test.ts|src/modules/institution/tests/TrustedReachOutSafetyTransaction.test.ts|src/modules/institution/tests/WeComControlledReachOutApiRoute.test.ts|src/modules/institution/tests/WeComCustomerMappingService.test.ts|src/modules/institution/tests/WeComOfficialDryRunApiRoute.test.ts|src/modules/open-platform/tests/OpenPlatformAiModelConfigPersistence.test.ts|src/modules/open-platform/tests/OpenPlatformAiModelVendorOperations.test.ts|src/modules/open-platform/tests/PlatformCommercialHealthDomain.test.ts|src/modules/open-platform/tests/PlatformKnowledgeDirectoryManagementApiRoute.test.ts|src/modules/security/tests/SafetySwitchApiRoute.test.ts|src/modules/workspace/tests/WorkspaceEntryPages.test.tsx,8,0.6667,3,0.2500,0,7,8,institution|security,84,109,__outside_modules__|auth|institution|open-platform|security|workspace,90,2,institution|security,-38.1869,15,no,,superseded_by_cross_module_realignment
security,src/modules/security/,39,39,0,119,src/modules/audit/tests/AuditEventsDomain.test.ts|src/modules/audit/tests/InstitutionAuditEventsApiRoute.test.ts|src/modules/audit/tests/OpenPlatformAuditEventsApiRoute.test.ts|src/modules/auth/tests/AuthAccountService.test.ts|src/modules/auth/tests/FormalAuthRoutes.test.ts|src/modules/auth/tests/FormalServerSessionProvenanceOwner.test.ts|src/modules/institution-workbench/tests/HospitalWorkbenchEntry.test.tsx|src/modules/institution-workbench/tests/InstitutionWorkbenchRuntime.test.ts|src/modules/institution/tests/CustomerFollowUpFeedbackApiRoute.test.ts|src/modules/institution/tests/CustomerFollowUpOverviewApiRoute.test.ts|src/modules/institution/tests/CustomerFollowUpTimelineApiRoute.test.ts|src/modules/institution/tests/CustomerImportApiRoute.test.ts|src/modules/institution/tests/CustomerTimelineApiRoutes.test.ts|src/modules/institution/tests/DashboardStatsLegacyApiRoute.test.ts|src/modules/institution/tests/FollowUpCustomerTimelineDomain.test.ts|src/modules/institution/tests/FollowUpMessageDraftApiRoutes.test.ts|src/modules/institution/tests/FollowUpMessageDraftService.test.ts|src/modules/institution/tests/FollowUpOperationsDashboardApiRoutes.test.ts|src/modules/institution/tests/FollowUpPathAnalysisApiRoutes.test.ts|src/modules/institution/tests/FollowUpPathEnrollmentApiRoutes.test.ts|src/modules/institution/tests/FollowUpPathEnrollmentService.test.ts|src/modules/institution/tests/HisConnectionApiRoutes.test.ts|src/modules/institution/tests/HisConnectionCredentialApiRoutes.test.ts|src/modules/institution/tests/HisConnectionCredentialService.test.ts|src/modules/institution/tests/HisConnectionStatusService.test.ts|src/modules/institution/tests/HisConnectionTestConnectionApiRoute.test.ts|src/modules/institution/tests/HisConnectionTestConnectionService.test.ts|src/modules/institution/tests/HisConnectionWriteService.test.ts|src/modules/institution/tests/InstitutionAiCallApiRoute.test.ts|src/modules/institution/tests/InstitutionAiCallCapabilityRoute.test.ts|src/modules/institution/tests/InstitutionAiCallMeteringService.test.ts|src/modules/institution/tests/InstitutionAiCallService.test.ts|src/modules/institution/tests/InstitutionAiModelsRoute.test.ts|src/modules/institution/tests/InstitutionAiServiceUsageApiRoute.test.ts|src/modules/institution/tests/InstitutionConversationCapabilityOffRoute.test.tsx|src/modules/institution/tests/InstitutionEntitlementUsageApiRoute.test.ts|src/modules/institution/tests/InstitutionKnowledgeAnswerApiRoute.test.ts|src/modules/institution/tests/InstitutionKnowledgeDownloadCapabilityRoute.test.ts|src/modules/institution/tests/InstitutionKnowledgeItemsCapabilityRoute.test.ts|src/modules/institution/tests/InstitutionKnowledgeManagementReadonlyApiRoute.test.ts|src/modules/institution/tests/InstitutionKnowledgeQaCapabilityRoute.test.ts|src/modules/institution/tests/InstitutionKnowledgeReadonlyShell.test.tsx|src/modules/institution/tests/InstitutionKnowledgeRetrievalCapabilityRoute.test.ts|src/modules/institution/tests/InstitutionKnowledgeSearchCapabilityRoute.test.ts|src/modules/institution/tests/InstitutionKnowledgeUploadApiRoute.test.ts|src/modules/institution/tests/InstitutionKnowledgeVectorSearchCapabilityRoute.test.ts|src/modules/institution/tests/InstitutionRagAnswerProvider.test.ts|src/modules/institution/tests/InstitutionRouteShell.test.tsx|src/modules/institution/tests/InstitutionServerRuntime.test.ts|src/modules/institution/tests/OpportunityPoolLegacyApiRoute.test.ts|src/modules/institution/tests/RealChannelPreflightApiRoute.test.ts|src/modules/institution/tests/TenantBusinessApiRoutes.test.ts|src/modules/institution/tests/TenantBusinessDomain.test.ts|src/modules/institution/tests/TreatmentFollowUpLinkApiRoutes.test.ts|src/modules/institution/tests/TreatmentFollowUpSuggestionsApiRoute.test.ts|src/modules/institution/tests/TreatmentSummaryApiRoutes.test.ts|src/modules/institution/tests/TreatmentSummaryCreateApiRoute.test.ts|src/modules/institution/tests/TreatmentSummaryListApiRoutes.test.ts|src/modules/institution/tests/WeComControlledReachOutApiRoute.test.ts|src/modules/institution/tests/WeComControlledReachOutService.test.ts|src/modules/institution/tests/WeComCustomerBroadcastTaskApiRoute.test.ts|src/modules/institution/tests/WeComCustomerContactReadonlyProofApiRoute.test.ts|src/modules/institution/tests/WeComCustomerContactReadonlyProofMockApiRoute.test.ts|src/modules/institution/tests/WeComCustomerMappingCandidatesApiRoute.test.ts|src/modules/institution/tests/WeComCustomerMappingReviewActionsApiRoute.test.ts|src/modules/institution/tests/WeComCustomerMappingService.test.ts|src/modules/institution/tests/WeComDryRunSnapshotApiRoute.test.ts|src/modules/institution/tests/WeComOfficialDryRunApiRoute.test.ts|src/modules/institution/tests/WeComOfficialInternalMessageProofApiRoute.test.ts|src/modules/institution/tests/WeComOfficialSecretPrecheckApiRoute.test.ts|src/modules/institution/tests/WeComRealSendExecutionShellService.test.ts|src/modules/institution/tests/WeComRealSendProofService.test.ts|src/modules/open-platform/tests/AiCreditMeteringRulesApiRoute.test.ts|src/modules/open-platform/tests/AiUsageCreditsApiRoute.test.ts|src/modules/open-platform/tests/HomepageBrandApiRoute.test.ts|src/modules/open-platform/tests/OpenPlatformAiModelConfigPersistence.test.ts|src/modules/open-platform/tests/OpenPlatformAiModelVendorOperations.test.ts|src/modules/open-platform/tests/OpenPlatformAiProviderConfig.test.ts|src/modules/open-platform/tests/OpenPlatformAiRuntimeConfig.test.ts|src/modules/open-platform/tests/OpenPlatformAiRuntimeSmoke.test.ts|src/modules/open-platform/tests/OpenPlatformGovernanceDomain.test.ts|src/modules/open-platform/tests/OpenPlatformTenantManagementApiRoute.test.ts|src/modules/open-platform/tests/PackageAiQuotaReadonlyApiRoute.test.ts|src/modules/open-platform/tests/PlanCatalogApiRoute.test.ts|src/modules/open-platform/tests/PlatformEntitlementUsageApiRoute.test.ts|src/modules/open-platform/tests/PlatformKnowledgeDirectoryManagementApiRoute.test.ts|src/modules/open-platform/tests/PlatformKnowledgeDocumentParsingApiRoute.test.ts|src/modules/open-platform/tests/PlatformKnowledgeEmbeddingVectorSearchApiRoute.test.ts|src/modules/open-platform/tests/PlatformKnowledgeFileManagementApiRoute.test.ts|src/modules/open-platform/tests/PlatformKnowledgeKeywordSearchApiRoute.test.ts|src/modules/open-platform/tests/PlatformKnowledgeQaApiRoute.test.ts|src/modules/open-platform/tests/TenantAccountManagementApiRoute.test.ts|src/modules/open-platform/tests/TenantCommercialRecordsApiRoute.test.ts|src/modules/open-platform/tests/TenantPlanBindingApiRoute.test.ts|src/modules/open-platform/tests/TenantPlanChangeApiRoute.test.ts|src/modules/open-platform/tests/VendorProviderConfig.test.ts|src/modules/open-platform/tests/VendorProviderSmoke.test.ts|src/modules/open-platform/tests/WeComCustomerDataGovernanceApiRoute.test.ts|src/modules/security/tests/AccessContext.test.ts|src/modules/security/tests/AccessControlDomain.test.ts|src/modules/security/tests/FormalRequestProvenanceOwner.test.ts|src/modules/security/tests/InstitutionAccessContext.test.ts|src/modules/security/tests/InstitutionAccessDomain.test.ts|src/modules/security/tests/InstitutionAnchorProvider.test.ts|src/modules/security/tests/InstitutionAnchorRepository.test.ts|src/modules/security/tests/InstitutionGuardEvidence.test.ts|src/modules/security/tests/InstitutionGuardEvidenceBoundary.test.ts|src/modules/security/tests/InstitutionGuardReference.test.ts|src/modules/security/tests/InstitutionGuardReferenceBoundary.test.ts|src/modules/security/tests/InstitutionGuardRuntimeConfig.test.ts|src/modules/security/tests/InstitutionMembershipProvider.test.ts|src/modules/security/tests/InstitutionRequestAuthorization.test.ts|src/modules/security/tests/InstitutionScopeGuard.test.ts|src/modules/security/tests/InstitutionSectionGuard.test.ts|src/modules/security/tests/LowSensitiveOutputGuard.test.ts|src/modules/security/tests/MutationRequestSecurity.test.ts|src/modules/security/tests/SafetySwitchApiRoute.test.ts|src/modules/security/tests/SafetySwitchDomain.test.ts|src/modules/security/tests/SecretEncryption.test.ts,22,0.5641,7,0.1795,0,16,25,audit|auth|institution-contracts,195,278,__outside_modules__|audit|auth|institution|institution-workbench|open-platform|workspace,178,2,audit|auth,-182.1382,16,no,,superseded_by_cross_module_realignment
branding,src/modules/branding/,1,1,0,0,,0,0.0000,0,0.0000,0,0,0,,0,0,,0,0,,92.0000,17,no,no_representative_test_entry,superseded_by_cross_module_realignment
