route,methods,section_id,object_params,required_guard_chain,required_compatibility_test,decision,source_sha256
src/app/api/institution/followup-paths/enrollments/[enrollmentId]/route.ts,GET,care,enrollmentId,scope+section+object,source+runtime compatibility test for institution-followup-paths-enrollments-dynamic,preflight_only_no_production_change,84679191699054446e79294a67f1b44475981ce021f57b02dc08427e58a6e4d7
src/app/api/institution/treatment-summaries/[summaryId]/follow-up-suggestions/route.ts,GET,care,summaryId,scope+section+object,source+runtime compatibility test for institution-treatment-summaries-dynamic-follow-up-suggestions,preflight_only_no_production_change,6793d18244d9e52eefa928097d65991b68c10f9b545d13d9b7b5076e4672586f
src/app/api/institution/customers/[customerId]/followup-overview/route.ts,GET,customers,customerId,scope+section+object,source+runtime compatibility test for institution-customers-dynamic-followup-overview,preflight_only_no_production_change,adce907180a9d7f4b49d43189d412ca6e9698227c14c326f40fb4017b470b08b
src/app/api/institution/customers/[customerId]/followup-timeline/route.ts,GET,customers,customerId,scope+section+object,source+runtime compatibility test for institution-customers-dynamic-followup-timeline,preflight_only_no_production_change,f2871d9b695ecac5b195516eca269dffa0b70bb03a05c4ad01a7682f78547118
src/app/api/institution/customers/[customerId]/timeline/route.ts,GET,customers,customerId,scope+section+object,source+runtime compatibility test for institution-customers-dynamic-timeline,preflight_only_no_production_change,f583b4d7bd7551a115ab612e744c849db35ad3df8a425179f82e51abfced59e8
src/app/api/institution/knowledge-management/indexing-jobs/[jobId]/route.ts,GET,knowledge,jobId,scope+section+object,source+runtime compatibility test for institution-knowledge-management-indexing-jobs-dynamic,preflight_only_no_production_change,0e22d5bd46d383a66996ef59200f6e0e065893bdafa951fb225d7805ef63bd08
src/app/api/institution/knowledge-management/items/[knowledgeId]/files/[fileId]/download/route.ts,GET,knowledge,knowledgeId|fileId,scope+section+object,source+runtime compatibility test for institution-knowledge-management-items-dynamic-files-dynamic-download,preflight_only_no_production_change,90f043202a977437426c153a4451e83799ef225292d333dd828c0dd738a1aa23
src/app/api/institution/knowledge-management/items/[knowledgeId]/files/[fileId]/parse/chunks/route.ts,GET,knowledge,knowledgeId|fileId,scope+section+object,source+runtime compatibility test for institution-knowledge-management-items-dynamic-files-dynamic-parse-chunks,preflight_only_no_production_change,a48fdd437e0bee830546c62d3dae07a36a7e77cf3c2914f32f781ab4e4ceeb55
src/app/api/institution/knowledge-management/items/[knowledgeId]/files/route.ts,GET,knowledge,knowledgeId,scope+section+object,source+runtime compatibility test for institution-knowledge-management-items-dynamic-files,preflight_only_no_production_change,764e9d854cd9ebf14661e8361faaae7741fc791713dda86801defc876884eccc
