route,methods,primary,state,independent_markers,write,dynamic,db,external,demo,legacy,reexport,off,test,strict
src/app/api/institution/appointments/route.ts,GET|POST|PATCH,write_or_mixed,governance_required,,true,false,false,false,false,false,false,true,false,false
src/app/api/institution/customers/[customerId]/followup-feedback/route.ts,POST,write_or_mixed,governance_required,,true,true,false,false,false,false,false,true,false,false
src/app/api/institution/customers/[customerId]/followup-overview/route.ts,GET,dynamic_object,governance_required,,false,true,false,false,true,false,false,true,false,false
src/app/api/institution/customers/[customerId]/followup-timeline/route.ts,GET,dynamic_object,governance_required,,false,true,false,false,true,false,false,true,false,false
src/app/api/institution/customers/[customerId]/timeline/route.ts,GET,dynamic_object,governance_required,,false,true,false,false,true,false,false,true,false,false
src/app/api/institution/customers/[customerId]/treatment-summaries/route.ts,POST,write_or_mixed,governance_required,,true,true,false,false,false,false,false,true,false,false
src/app/api/institution/customers/[customerId]/wecom-reachout-safety/route.ts,GET|POST,write_or_mixed,governance_required,,true,true,false,true,false,false,false,true,false,false
src/app/api/institution/customers/import/route.ts,POST|PUT,write_or_mixed,governance_required,,true,false,false,false,false,false,false,true,false,false
src/app/api/institution/customers/route.ts,GET|POST|PATCH,write_or_mixed,governance_required,,true,false,false,false,false,false,false,true,false,false
src/app/api/institution/dashboard-stats/route.ts,GET,legacy_retired_compat,governance_required,,false,false,false,false,true,true,false,false,false,false
src/app/api/institution/follow-up-path-analysis/route.ts,GET,legacy_retired_compat,governance_required,,false,false,false,false,false,true,false,false,false,false
src/app/api/institution/followup-message-drafts/[draftId]/approve/route.ts,POST,write_or_mixed,governance_required,,true,true,false,false,false,false,false,true,false,false
src/app/api/institution/followup-message-drafts/[draftId]/mark-sent/route.ts,POST,write_or_mixed,governance_required,,true,true,false,false,false,false,false,true,false,false
src/app/api/institution/followup-message-drafts/[draftId]/reject/route.ts,POST,write_or_mixed,governance_required,,true,true,false,false,false,false,false,true,false,false
src/app/api/institution/followup-message-drafts/[draftId]/route.ts,PATCH,write_or_mixed,governance_required,,true,true,false,false,false,false,false,true,false,false
src/app/api/institution/followup-message-drafts/[draftId]/wecom-controlled-reachout/route.ts,GET|POST,write_or_mixed,governance_required,,true,true,false,true,false,false,false,true,false,false
src/app/api/institution/followup-message-drafts/[draftId]/wecom-customer-broadcast-task/route.ts,GET|POST,write_or_mixed,governance_required,,true,true,false,true,false,false,false,true,false,false
src/app/api/institution/followup-message-drafts/route.ts,GET|POST,write_or_mixed,governance_required,,true,false,false,false,false,false,false,true,false,false
src/app/api/institution/followup-paths/enrollments/[enrollmentId]/cancel/route.ts,POST,write_or_mixed,governance_required,,true,true,false,false,false,false,false,true,false,false
src/app/api/institution/followup-paths/enrollments/[enrollmentId]/route.ts,GET,dynamic_object,governance_required,,false,true,false,false,false,false,false,true,false,false
src/app/api/institution/followup-paths/enrollments/route.ts,GET|POST,write_or_mixed,governance_required,,true,false,false,false,false,false,false,true,false,false
src/app/api/institution/followups/route.ts,GET|POST|PATCH,write_or_mixed,governance_required,,true,false,false,false,false,false,false,true,false,false
src/app/api/institution/his-connections/[connectionId]/credentials/clear/route.ts,POST,write_or_mixed,governance_required,,true,true,false,true,false,false,false,false,false,false
src/app/api/institution/his-connections/[connectionId]/credentials/revoke/route.ts,POST,write_or_mixed,governance_required,,true,true,false,true,false,false,false,false,false,false
src/app/api/institution/his-connections/[connectionId]/credentials/rotate/route.ts,POST,write_or_mixed,governance_required,,true,true,false,true,false,false,false,false,false,false
src/app/api/institution/his-connections/[connectionId]/credentials/route.ts,POST|PATCH,write_or_mixed,governance_required,,true,true,false,true,false,false,false,false,false,false
src/app/api/institution/his-connections/[connectionId]/pause/route.ts,POST,write_or_mixed,governance_required,,true,true,false,true,false,false,false,true,false,false
src/app/api/institution/his-connections/[connectionId]/resume/route.ts,POST,write_or_mixed,governance_required,,true,true,false,true,false,false,false,true,false,false
src/app/api/institution/his-connections/[connectionId]/revoke/route.ts,POST,write_or_mixed,governance_required,,true,true,false,true,false,false,false,true,false,false
src/app/api/institution/his-connections/[connectionId]/route.ts,GET|PATCH|DELETE,write_or_mixed,governance_required,,true,true,false,true,false,false,false,true,false,false
src/app/api/institution/his-connections/[connectionId]/test-connection/route.ts,POST,write_or_mixed,governance_required,,true,true,false,true,false,false,false,true,false,false
src/app/api/institution/his-connections/route.ts,GET|POST,write_or_mixed,governance_required,,true,false,false,true,false,false,false,true,false,false
src/app/api/institution/knowledge-management/ai-call/route.ts,POST,write_or_mixed,governance_required,,true,false,false,false,false,false,false,true,false,false
src/app/api/institution/knowledge-management/answer/route.ts,POST,write_or_mixed,governance_required,,true,false,false,false,false,false,false,true,false,false
src/app/api/institution/knowledge-management/indexing-jobs/[jobId]/cancel/route.ts,POST,write_or_mixed,governance_required,,true,true,false,false,false,false,false,true,false,false
src/app/api/institution/knowledge-management/indexing-jobs/[jobId]/route.ts,GET,dynamic_object,governance_required,,false,true,false,false,false,false,false,true,false,false
src/app/api/institution/knowledge-management/indexing-jobs/route.ts,GET|POST,write_or_mixed,governance_required,,true,false,false,false,false,false,false,true,false,false
src/app/api/institution/knowledge-management/items/[knowledgeId]/files/[fileId]/download/route.ts,GET,dynamic_object,governance_required,,false,true,false,false,false,false,false,true,false,false
src/app/api/institution/knowledge-management/items/[knowledgeId]/files/[fileId]/embeddings/route.ts,POST,write_or_mixed,governance_required,,true,true,false,false,false,false,false,true,false,false
src/app/api/institution/knowledge-management/items/[knowledgeId]/files/[fileId]/parse/chunks/route.ts,GET,dynamic_object,governance_required,,false,true,false,false,false,false,false,true,false,false
src/app/api/institution/knowledge-management/items/[knowledgeId]/files/[fileId]/parse/route.ts,GET|POST,write_or_mixed,governance_required,,true,true,false,false,false,false,false,true,false,false
src/app/api/institution/knowledge-management/items/[knowledgeId]/files/route.ts,GET,dynamic_object,governance_required,,false,true,false,false,false,false,false,true,false,false
src/app/api/institution/knowledge-management/items/route.ts,GET|POST|PATCH,write_or_mixed,governance_required,,true,false,false,false,false,false,false,true,false,false
src/app/api/institution/knowledge-management/qa/route.ts,POST,write_or_mixed,governance_required,,true,false,false,false,false,false,false,true,false,false
src/app/api/institution/knowledge-management/upload/route.ts,POST,write_or_mixed,governance_required,,true,false,false,false,false,false,false,true,false,false
src/app/api/institution/opportunities/route.ts,GET,legacy_retired_compat,governance_required,,false,false,false,false,true,true,false,false,false,false
src/app/api/institution/real-channel-preflight/evaluate/route.ts,POST,write_or_mixed,governance_required,,true,false,false,true,false,false,true,false,false,false
src/app/api/institution/real-channel-preflight/route.ts,GET|POST,write_or_mixed,governance_required,,true,false,false,true,false,false,false,true,false,false
src/app/api/institution/safety-switch/route.ts,GET|PATCH,write_or_mixed,governance_required,,true,false,false,false,false,false,false,true,false,false
src/app/api/institution/treatment-summaries/[summaryId]/follow-up-suggestions/route.ts,GET,dynamic_object,governance_required,,false,true,false,false,true,false,false,true,false,false
src/app/api/institution/treatment-summaries/[summaryId]/follow-up-tasks/route.ts,POST,write_or_mixed,governance_required,,true,true,false,false,false,false,false,true,false,false
src/app/api/institution/treatment-summaries/[summaryId]/route.ts,PATCH,write_or_mixed,governance_required,,true,true,false,false,false,false,false,true,false,false
src/app/api/institution/treatment-summaries/[summaryId]/void/route.ts,POST,write_or_mixed,governance_required,,true,true,false,false,false,false,false,true,false,false
src/app/api/institution/wecom/customer-mapping-reviews/[mappingId]/actions/route.ts,POST,write_or_mixed,governance_required,,true,true,false,true,false,false,false,true,false,false
src/app/api/institution/wecom-customer-contact-precheck/route.ts,GET|POST,write_or_mixed,governance_required,,true,false,false,true,false,false,false,true,false,false
src/app/api/institution/wecom-customer-contact-readonly-proof/route.ts,GET|POST,write_or_mixed,governance_required,,true,false,false,true,false,false,false,true,false,false
src/app/api/institution/wecom-customer-contact-readonly-proof-mock/route.ts,GET|POST,write_or_mixed,governance_required,,true,false,false,true,true,false,false,true,false,false
src/app/api/institution/wecom-customer-mapping/route.ts,GET|POST,write_or_mixed,governance_required,,true,false,false,true,false,false,false,true,false,false
src/app/api/institution/wecom-official-dry-run/evaluate/route.ts,POST,write_or_mixed,governance_required,,true,false,false,true,false,false,false,true,false,false
src/app/api/institution/wecom-official-dry-run-config/evaluate/route.ts,POST,write_or_mixed,governance_required,,true,false,false,true,false,false,true,false,false,false
src/app/api/institution/wecom-official-dry-run-config/route.ts,GET|POST,write_or_mixed,governance_required,,true,false,false,true,false,false,false,true,false,false
src/app/api/institution/wecom-official-dry-run-snapshot/route.ts,GET|POST,write_or_mixed,governance_required,,true,false,false,true,false,false,false,true,false,false
src/app/api/institution/wecom-official-internal-message-proof/route.ts,GET|POST,write_or_mixed,governance_required,,true,false,false,true,false,false,false,true,false,false
src/app/api/institution/wecom-official-secret-precheck/route.ts,GET|POST,write_or_mixed,governance_required,,true,false,false,true,false,false,false,true,false,false
src/app/api/v1/institution/ai-models/route.ts,GET,demo_fixture,governance_required,,false,false,false,false,true,false,false,false,false,false
src/app/api/v1/institution/wecom-official-dry-run/route.ts,GET,external_touch,governance_required,,false,false,false,true,false,false,true,false,false,false
