entry_type,path,methods,formal_guard,legacy_authorization,versioned_reexport,dynamic_object,write_method,database_touch,external_touch,demo_or_fixture,capability_off,classification,compatibility_test_count,compatibility_tests
api_route,src/app/api/institution/ai-service-usage/route.ts,GET,false,false,false,false,false,false,false,false,true,capability_off_unwired,3,src/modules/institution/tests/InstitutionAiServiceUsageApiRoute.test.ts|src/modules/institution/tests/InstitutionAiServiceUsageService.test.ts|src/modules/workspace/tests/WorkspaceEntryPages.test.tsx
api_route,src/app/api/institution/appointments/route.ts,GET|PATCH|POST,false,false,false,false,true,false,false,false,true,capability_off_unwired,7,src/modules/institution/tests/CareMutationAccessibility.test.tsx|src/modules/institution/tests/InstitutionBusinessShells.test.tsx|src/modules/institution/tests/TenantBusinessApiRoutes.test.ts|src/modules/institution/tests/TenantBusinessClient.test.ts|src/modules/knowledge-base/tests/V1KnowledgeBaseMvpE2EAcceptance.test.ts|src/modules/workspace/tests/V1ReadonlyDemoGateAcceptance.test.tsx|src/modules/workspace/tests/WorkspaceEntryPages.test.tsx
api_route,src/app/api/institution/audit-events/route.ts,GET,true,false,false,false,false,false,false,true,true,formal_guarded,5,src/app/api/institution/audit-events/route.test.ts|src/modules/audit/tests/InstitutionAuditEventsApiRoute.test.ts|src/modules/institution/tests/InstitutionBusinessShells.test.tsx|src/modules/workspace/tests/V1ReadonlyDemoGateAcceptance.test.tsx|src/modules/workspace/tests/WorkspaceEntryPages.test.tsx
api_route,src/app/api/institution/customers/[customerId]/followup-feedback/route.ts,POST,false,false,false,true,true,false,false,false,true,capability_off_unwired,1,src/modules/institution/tests/CustomerFollowUpFeedbackApiRoute.test.ts
api_route,src/app/api/institution/customers/[customerId]/followup-overview/route.ts,GET,false,false,false,true,false,false,false,true,true,demo_or_fixture,1,src/modules/institution/tests/CustomerFollowUpOverviewApiRoute.test.ts
api_route,src/app/api/institution/customers/[customerId]/followup-timeline/route.ts,GET,false,false,false,true,false,false,false,true,true,demo_or_fixture,1,src/modules/institution/tests/CustomerFollowUpTimelineApiRoute.test.ts
api_route,src/app/api/institution/customers/[customerId]/timeline/route.ts,GET,false,false,false,true,false,false,false,true,true,demo_or_fixture,1,src/modules/institution/tests/CustomerTimelineApiRoutes.test.ts
api_route,src/app/api/institution/customers/[customerId]/treatment-summaries/route.ts,POST,false,false,false,true,true,false,false,false,true,capability_off_unwired,3,src/modules/institution/tests/TreatmentSummaryApiRoutes.test.ts|src/modules/institution/tests/TreatmentSummaryCreateApiRoute.test.ts|src/modules/institution/tests/TreatmentSummaryDomain.test.ts
api_route,src/app/api/institution/customers/[customerId]/wecom-reachout-safety/route.ts,GET|POST,false,false,false,true,true,false,false,false,true,capability_off_unwired,1,src/modules/institution/tests/TrustedReachOutSafetyApiRoute.test.ts
api_route,src/app/api/institution/customers/import/route.ts,POST|PUT,false,false,false,false,true,false,false,false,true,capability_off_unwired,2,src/modules/institution/tests/CustomerImportApiRoute.test.ts|src/modules/institution/tests/InstitutionBusinessShells.test.tsx
api_route,src/app/api/institution/customers/route.ts,GET|PATCH|POST,false,false,false,false,true,false,false,false,true,capability_off_unwired,16,src/modules/institution/tests/CareMutationAccessibility.test.tsx|src/modules/institution/tests/CustomerFollowUpFeedbackApiRoute.test.ts|src/modules/institution/tests/CustomerFollowUpOverviewApiRoute.test.ts|src/modules/institution/tests/CustomerFollowUpTimelineApiRoute.test.ts|src/modules/institution/tests/CustomerImportApiRoute.test.ts|src/modules/institution/tests/CustomerTimelineApiRoutes.test.ts|src/modules/institution/tests/InstitutionBusinessShells.test.tsx|src/modules/institution/tests/TenantBusinessApiRoutes.test.ts|src/modules/institution/tests/TenantBusinessClient.test.ts|src/modules/institution/tests/TreatmentSummaryApiRoutes.test.ts|src/modules/institution/tests/TreatmentSummaryCreateApiRoute.test.ts|src/modules/institution/tests/TreatmentSummaryDomain.test.ts|src/modules/institution/tests/TrustedReachOutSafetyApiRoute.test.ts|src/modules/knowledge-base/tests/V1KnowledgeBaseMvpE2EAcceptance.test.ts|src/modules/workspace/tests/V1ReadonlyDemoGateAcceptance.test.tsx|src/modules/workspace/tests/WorkspaceEntryPages.test.tsx
api_route,src/app/api/institution/dashboard-stats/route.ts,GET,false,false,false,false,false,false,false,true,false,legacy_or_retired,1,src/modules/institution/tests/DashboardStatsLegacyApiRoute.test.ts
api_route,src/app/api/institution/entitlement-usage/route.ts,GET,true,false,false,false,false,false,false,false,true,formal_guarded,4,src/app/api/institution/entitlement-usage/route.test.ts|src/modules/institution/tests/InstitutionEntitlementUsageApiRoute.test.ts|src/modules/institution/tests/InstitutionKnowledgeReadonlyShell.test.tsx|src/modules/institution/tests/WeComCustomerMappingCandidatesReadonlyPanel.test.tsx
api_route,src/app/api/institution/follow-up-path-analysis/route.ts,GET,false,false,false,false,false,false,false,false,false,legacy_or_retired,4,src/modules/institution/tests/FollowUpPathAnalysisApiRoutes.test.ts|src/modules/knowledge-base/tests/V1KnowledgeBaseMvpE2EAcceptance.test.ts|src/modules/workspace/tests/V1ReadonlyDemoGateAcceptance.test.tsx|src/modules/workspace/tests/WorkspaceEntryPages.test.tsx
api_route,src/app/api/institution/followup-message-drafts/[draftId]/approve/route.ts,POST,false,false,false,true,true,false,false,false,true,capability_off_unwired,1,src/modules/institution/tests/FollowUpMessageDraftApiRoutes.test.ts
api_route,src/app/api/institution/followup-message-drafts/[draftId]/mark-sent/route.ts,POST,false,false,false,true,true,false,false,false,true,capability_off_unwired,1,src/modules/institution/tests/FollowUpMessageDraftApiRoutes.test.ts
api_route,src/app/api/institution/followup-message-drafts/[draftId]/reject/route.ts,POST,false,false,false,true,true,false,false,false,true,capability_off_unwired,1,src/modules/institution/tests/FollowUpMessageDraftApiRoutes.test.ts
api_route,src/app/api/institution/followup-message-drafts/[draftId]/route.ts,PATCH,false,false,false,true,true,false,false,false,true,capability_off_unwired,3,src/modules/institution/tests/FollowUpMessageDraftApiRoutes.test.ts|src/modules/institution/tests/WeComControlledReachOutApiRoute.test.ts|src/modules/institution/tests/WeComCustomerBroadcastTaskApiRoute.test.ts
api_route,src/app/api/institution/followup-message-drafts/[draftId]/wecom-controlled-reachout/route.ts,GET|POST,false,false,false,true,true,false,false,false,true,capability_off_unwired,1,src/modules/institution/tests/WeComControlledReachOutApiRoute.test.ts
api_route,src/app/api/institution/followup-message-drafts/[draftId]/wecom-customer-broadcast-task/route.ts,GET|POST,false,false,false,true,true,false,false,false,true,capability_off_unwired,1,src/modules/institution/tests/WeComCustomerBroadcastTaskApiRoute.test.ts
api_route,src/app/api/institution/followup-message-drafts/route.ts,GET|POST,false,false,false,false,true,false,false,false,true,capability_off_unwired,6,src/modules/institution/tests/CareMutationAccessibility.test.tsx|src/modules/institution/tests/FollowUpMessageDraftApiRoutes.test.ts|src/modules/institution/tests/InstitutionBusinessShells.test.tsx|src/modules/institution/tests/TenantBusinessClient.test.ts|src/modules/institution/tests/WeComControlledReachOutApiRoute.test.ts|src/modules/institution/tests/WeComCustomerBroadcastTaskApiRoute.test.ts
api_route,src/app/api/institution/followup-message-templates/route.ts,GET,true,false,false,false,false,false,false,false,true,formal_guarded,2,src/app/api/institution/followup-message-templates/route.test.ts|src/modules/institution/tests/FollowUpMessageDraftApiRoutes.test.ts
api_route,src/app/api/institution/followup-operations/dashboard/route.ts,GET,true,false,false,false,false,false,false,true,true,formal_guarded,4,src/app/api/institution/followup-operations/dashboard/route.test.ts|src/modules/institution/tests/CareMutationAccessibility.test.tsx|src/modules/institution/tests/FollowUpOperationsDashboardApiRoutes.test.ts|src/modules/institution/tests/InstitutionBusinessShells.test.tsx
api_route,src/app/api/institution/followup-paths/enrollments/[enrollmentId]/cancel/route.ts,POST,false,false,false,true,true,false,false,false,true,capability_off_unwired,1,src/modules/institution/tests/FollowUpPathEnrollmentApiRoutes.test.ts
api_route,src/app/api/institution/followup-paths/enrollments/[enrollmentId]/route.ts,GET,false,false,false,true,false,false,false,false,true,capability_off_unwired,1,src/modules/institution/tests/FollowUpPathEnrollmentApiRoutes.test.ts
api_route,src/app/api/institution/followup-paths/enrollments/route.ts,GET|POST,false,false,false,false,true,false,false,false,true,capability_off_unwired,4,src/modules/institution/tests/CareMutationAccessibility.test.tsx|src/modules/institution/tests/FollowUpOperationsDashboardApiRoutes.test.ts|src/modules/institution/tests/FollowUpPathEnrollmentApiRoutes.test.ts|src/modules/institution/tests/InstitutionBusinessShells.test.tsx
api_route,src/app/api/institution/followup-paths/templates/route.ts,GET,true,false,false,false,false,false,false,false,true,formal_guarded,2,src/app/api/institution/followup-paths/templates/route.test.ts|src/modules/institution/tests/FollowUpPathEnrollmentApiRoutes.test.ts
api_route,src/app/api/institution/followups/route.ts,GET|PATCH|POST,false,false,false,false,true,false,false,false,true,capability_off_unwired,9,src/modules/institution/tests/CareMutationAccessibility.test.tsx|src/modules/institution/tests/FollowUpOperationsDashboardApiRoutes.test.ts|src/modules/institution/tests/InstitutionBusinessShells.test.tsx|src/modules/institution/tests/TenantBusinessApiRoutes.test.ts|src/modules/institution/tests/TenantBusinessClient.test.ts|src/modules/institution/tests/TreatmentSummaryManagementShell.test.tsx|src/modules/knowledge-base/tests/V1KnowledgeBaseMvpE2EAcceptance.test.ts|src/modules/workspace/tests/V1ReadonlyDemoGateAcceptance.test.tsx|src/modules/workspace/tests/WorkspaceEntryPages.test.tsx
api_route,src/app/api/institution/his-connections/[connectionId]/credentials/clear/route.ts,POST,false,false,false,true,true,false,false,false,false,dynamic_object_review,1,src/modules/institution/tests/HisConnectionCredentialApiRoutes.test.ts
api_route,src/app/api/institution/his-connections/[connectionId]/credentials/revoke/route.ts,POST,false,false,false,true,true,false,false,false,false,dynamic_object_review,1,src/modules/institution/tests/HisConnectionCredentialApiRoutes.test.ts
api_route,src/app/api/institution/his-connections/[connectionId]/credentials/rotate/route.ts,POST,false,false,false,true,true,false,false,false,false,dynamic_object_review,1,src/modules/institution/tests/HisConnectionCredentialApiRoutes.test.ts
api_route,src/app/api/institution/his-connections/[connectionId]/credentials/route.ts,PATCH|POST,false,false,false,true,true,false,false,false,false,dynamic_object_review,1,src/modules/institution/tests/HisConnectionCredentialApiRoutes.test.ts
api_route,src/app/api/institution/his-connections/[connectionId]/pause/route.ts,POST,false,false,false,true,true,false,false,false,true,capability_off_unwired,1,src/modules/institution/tests/HisConnectionApiRoutes.test.ts
api_route,src/app/api/institution/his-connections/[connectionId]/resume/route.ts,POST,false,false,false,true,true,false,false,false,true,capability_off_unwired,1,src/modules/institution/tests/HisConnectionApiRoutes.test.ts
api_route,src/app/api/institution/his-connections/[connectionId]/revoke/route.ts,POST,false,false,false,true,true,false,false,false,true,capability_off_unwired,1,src/modules/institution/tests/HisConnectionApiRoutes.test.ts
api_route,src/app/api/institution/his-connections/[connectionId]/route.ts,DELETE|GET|PATCH,false,false,false,true,true,false,false,false,true,capability_off_unwired,3,src/modules/institution/tests/HisConnectionApiRoutes.test.ts|src/modules/institution/tests/HisConnectionCredentialApiRoutes.test.ts|src/modules/institution/tests/HisConnectionTestConnectionApiRoute.test.ts
api_route,src/app/api/institution/his-connections/[connectionId]/test-connection/route.ts,POST,false,false,false,true,true,false,false,false,true,capability_off_unwired,1,src/modules/institution/tests/HisConnectionTestConnectionApiRoute.test.ts
api_route,src/app/api/institution/his-connections/route.ts,GET|POST,false,false,false,false,true,false,false,false,true,capability_off_unwired,6,src/modules/institution/tests/HisConnectionApiRoutes.test.ts|src/modules/institution/tests/HisConnectionCredentialApiRoutes.test.ts|src/modules/institution/tests/HisConnectionReadOnlyPanel.test.tsx|src/modules/institution/tests/HisConnectionTestConnectionApiRoute.test.ts|src/modules/workspace/tests/V1ReadonlyDemoGateAcceptance.test.tsx|src/modules/workspace/tests/WorkspaceEntryPages.test.tsx
api_route,src/app/api/institution/knowledge-management/ai-call/route.ts,POST,false,false,false,false,true,false,false,false,true,capability_off_unwired,5,src/app/api/institution/knowledge-management/ai-call/usage/route.test.ts|src/modules/institution/tests/InstitutionAiCallApiRoute.test.ts|src/modules/institution/tests/InstitutionAiCallCapabilityRoute.test.ts|src/modules/institution/tests/InstitutionKnowledgeReadonlyShell.test.tsx|src/modules/workspace/tests/WorkspaceEntryPages.test.tsx
api_route,src/app/api/institution/knowledge-management/ai-call/usage/route.ts,GET,true,false,false,false,false,false,false,false,true,formal_guarded,3,src/app/api/institution/knowledge-management/ai-call/usage/route.test.ts|src/modules/institution/tests/InstitutionAiCallApiRoute.test.ts|src/modules/institution/tests/InstitutionKnowledgeReadonlyShell.test.tsx
api_route,src/app/api/institution/knowledge-management/answer/route.ts,POST,false,false,false,false,true,false,false,false,true,capability_off_unwired,2,src/modules/institution/tests/InstitutionKnowledgeAnswerApiRoute.test.ts|src/modules/institution/tests/InstitutionKnowledgeBaseCardPanel.test.tsx
api_route,src/app/api/institution/knowledge-management/indexing-jobs/[jobId]/cancel/route.ts,POST,false,false,false,true,true,false,false,false,true,capability_off_unwired,1,src/modules/institution/tests/InstitutionKnowledgeManagementReadonlyApiRoute.test.ts
api_route,src/app/api/institution/knowledge-management/indexing-jobs/[jobId]/route.ts,GET,false,false,false,true,false,false,false,false,true,capability_off_unwired,1,src/modules/institution/tests/InstitutionKnowledgeManagementReadonlyApiRoute.test.ts
api_route,src/app/api/institution/knowledge-management/indexing-jobs/route.ts,GET|POST,false,false,false,false,true,false,false,false,true,capability_off_unwired,2,src/modules/institution/tests/InstitutionKnowledgeManagementReadonlyApiRoute.test.ts|src/modules/institution/tests/InstitutionKnowledgeReadonlyShell.test.tsx
api_route,src/app/api/institution/knowledge-management/items/[knowledgeId]/files/[fileId]/download/route.ts,GET,false,false,false,true,false,false,false,false,true,capability_off_unwired,2,src/modules/institution/tests/InstitutionKnowledgeDownloadCapabilityRoute.test.ts|src/modules/open-platform/tests/PlatformKnowledgeFileManagementApiRoute.test.ts
api_route,src/app/api/institution/knowledge-management/items/[knowledgeId]/files/[fileId]/embeddings/route.ts,POST,false,false,false,true,true,false,false,false,true,capability_off_unwired,1,src/modules/institution/tests/InstitutionKnowledgeManagementReadonlyApiRoute.test.ts
api_route,src/app/api/institution/knowledge-management/items/[knowledgeId]/files/[fileId]/parse/chunks/route.ts,GET,false,false,false,true,false,false,false,false,true,capability_off_unwired,1,src/modules/open-platform/tests/PlatformKnowledgeDocumentParsingApiRoute.test.ts
api_route,src/app/api/institution/knowledge-management/items/[knowledgeId]/files/[fileId]/parse/route.ts,GET|POST,false,false,false,true,true,false,false,false,true,capability_off_unwired,1,src/modules/open-platform/tests/PlatformKnowledgeDocumentParsingApiRoute.test.ts
api_route,src/app/api/institution/knowledge-management/items/[knowledgeId]/files/route.ts,GET,false,false,false,true,false,false,false,false,true,capability_off_unwired,4,src/modules/institution/tests/InstitutionKnowledgeDownloadCapabilityRoute.test.ts|src/modules/institution/tests/InstitutionKnowledgeManagementReadonlyApiRoute.test.ts|src/modules/open-platform/tests/PlatformKnowledgeDocumentParsingApiRoute.test.ts|src/modules/open-platform/tests/PlatformKnowledgeFileManagementApiRoute.test.ts
api_route,src/app/api/institution/knowledge-management/items/route.ts,GET|PATCH|POST,false,false,false,false,true,false,false,false,true,capability_off_unwired,8,src/modules/institution/tests/InstitutionKnowledgeBaseCardPanel.test.tsx|src/modules/institution/tests/InstitutionKnowledgeDownloadCapabilityRoute.test.ts|src/modules/institution/tests/InstitutionKnowledgeItemsCapabilityRoute.test.ts|src/modules/institution/tests/InstitutionKnowledgeManagementReadonlyApiRoute.test.ts|src/modules/institution/tests/InstitutionKnowledgeReadonlyShell.test.tsx|src/modules/open-platform/tests/PlatformKnowledgeDocumentParsingApiRoute.test.ts|src/modules/open-platform/tests/PlatformKnowledgeFileManagementApiRoute.test.ts|src/modules/workspace/tests/WorkspaceEntryPages.test.tsx
api_route,src/app/api/institution/knowledge-management/qa/audits/route.ts,GET,true,false,false,false,false,false,false,false,true,formal_guarded,3,src/app/api/institution/knowledge-management/qa/audits/route.test.ts|src/modules/institution/tests/InstitutionKnowledgeReadonlyShell.test.tsx|src/modules/open-platform/tests/PlatformKnowledgeQaApiRoute.test.ts
api_route,src/app/api/institution/knowledge-management/qa/route.ts,POST,false,false,false,false,true,false,false,false,true,capability_off_unwired,4,src/app/api/institution/knowledge-management/qa/audits/route.test.ts|src/modules/institution/tests/InstitutionKnowledgeQaCapabilityRoute.test.ts|src/modules/institution/tests/InstitutionKnowledgeReadonlyShell.test.tsx|src/modules/open-platform/tests/PlatformKnowledgeQaApiRoute.test.ts
api_route,src/app/api/institution/knowledge-management/retrieval/route.ts,GET,true,false,false,false,false,false,false,false,true,formal_guarded,3,src/app/api/institution/knowledge-management/retrieval/route.test.ts|src/modules/institution/tests/InstitutionKnowledgeReadonlyShell.test.tsx|src/modules/institution/tests/InstitutionKnowledgeRetrievalCapabilityRoute.test.ts
api_route,src/app/api/institution/knowledge-management/search/route.ts,GET,true,false,false,false,false,false,false,false,true,formal_guarded,6,src/app/api/institution/knowledge-management/search/route.test.ts|src/modules/institution/tests/InstitutionKnowledgeBaseCardPanel.test.tsx|src/modules/institution/tests/InstitutionKnowledgeReadonlyShell.test.tsx|src/modules/institution/tests/InstitutionKnowledgeSearchApiRoute.test.ts|src/modules/institution/tests/InstitutionKnowledgeSearchCapabilityRoute.test.ts|src/modules/open-platform/tests/PlatformKnowledgeKeywordSearchApiRoute.test.ts
api_route,src/app/api/institution/knowledge-management/upload/route.ts,POST,false,false,false,false,true,false,false,false,true,capability_off_unwired,2,src/modules/institution/tests/InstitutionKnowledgeBaseCardPanel.test.tsx|src/modules/institution/tests/InstitutionKnowledgeUploadApiRoute.test.ts
api_route,src/app/api/institution/knowledge-management/vector-search/route.ts,GET,true,false,false,false,false,false,false,false,true,formal_guarded,4,src/app/api/institution/knowledge-management/vector-search/route.test.ts|src/modules/institution/tests/InstitutionKnowledgeReadonlyShell.test.tsx|src/modules/institution/tests/InstitutionKnowledgeVectorSearchCapabilityRoute.test.ts|src/modules/open-platform/tests/PlatformKnowledgeEmbeddingVectorSearchApiRoute.test.ts
api_route,src/app/api/institution/opportunities/route.ts,GET,false,false,false,false,false,false,false,true,false,legacy_or_retired,1,src/modules/institution/tests/OpportunityPoolLegacyApiRoute.test.ts
api_route,src/app/api/institution/real-channel-preflight/evaluate/route.ts,none,false,false,true,false,false,false,false,false,false,versioned_reexport,0,
api_route,src/app/api/institution/real-channel-preflight/route.ts,GET|POST,false,false,false,false,true,false,false,false,true,capability_off_unwired,1,src/modules/institution/tests/RealChannelPreflightApiRoute.test.ts
api_route,src/app/api/institution/safety-switch/route.ts,GET|PATCH,false,false,false,false,true,false,false,false,true,capability_off_unwired,1,src/modules/security/tests/SafetySwitchApiRoute.test.ts
api_route,src/app/api/institution/treatment-summaries/[summaryId]/follow-up-suggestions/route.ts,GET,false,false,false,true,false,false,false,true,true,demo_or_fixture,3,src/modules/institution/tests/TreatmentFollowUpLinkApiRoutes.test.ts|src/modules/institution/tests/TreatmentFollowUpSuggestionsApiRoute.test.ts|src/modules/institution/tests/TreatmentSummaryDomain.test.ts
api_route,src/app/api/institution/treatment-summaries/[summaryId]/follow-up-tasks/route.ts,POST,false,false,false,true,true,false,false,false,true,capability_off_unwired,2,src/modules/institution/tests/TreatmentFollowUpLinkApiRoutes.test.ts|src/modules/institution/tests/TreatmentSummaryDomain.test.ts
api_route,src/app/api/institution/treatment-summaries/[summaryId]/route.ts,PATCH,false,false,false,true,true,false,false,false,true,capability_off_unwired,4,src/modules/institution/tests/TreatmentFollowUpLinkApiRoutes.test.ts|src/modules/institution/tests/TreatmentFollowUpSuggestionsApiRoute.test.ts|src/modules/institution/tests/TreatmentSummaryApiRoutes.test.ts|src/modules/institution/tests/TreatmentSummaryDomain.test.ts
api_route,src/app/api/institution/treatment-summaries/[summaryId]/void/route.ts,POST,false,false,false,true,true,false,false,false,true,capability_off_unwired,2,src/modules/institution/tests/TreatmentSummaryApiRoutes.test.ts|src/modules/institution/tests/TreatmentSummaryDomain.test.ts
api_route,src/app/api/institution/treatment-summaries/route.ts,GET,true,false,false,false,false,false,false,true,true,formal_guarded,10,src/app/api/institution/treatment-summaries/route.test.ts|src/modules/institution/tests/TenantBusinessClient.test.ts|src/modules/institution/tests/TreatmentFollowUpLinkApiRoutes.test.ts|src/modules/institution/tests/TreatmentFollowUpSuggestionsApiRoute.test.ts|src/modules/institution/tests/TreatmentSummaryApiRoutes.test.ts|src/modules/institution/tests/TreatmentSummaryDomain.test.ts|src/modules/institution/tests/TreatmentSummaryListApiRoutes.test.ts|src/modules/institution/tests/TreatmentSummaryManagementShell.test.tsx|src/modules/workspace/tests/V1ReadonlyDemoGateAcceptance.test.tsx|src/modules/workspace/tests/WorkspaceEntryPages.test.tsx
api_route,src/app/api/institution/wecom-customer-contact-precheck/route.ts,GET|POST,false,false,false,false,true,false,false,false,true,capability_off_unwired,1,src/modules/institution/tests/WeComCustomerContactPrecheckApiRoute.test.ts
api_route,src/app/api/institution/wecom-customer-contact-readonly-proof-mock/route.ts,GET|POST,false,false,false,false,true,false,false,false,true,capability_off_unwired,1,src/modules/institution/tests/WeComCustomerContactReadonlyProofMockApiRoute.test.ts
api_route,src/app/api/institution/wecom-customer-contact-readonly-proof/route.ts,GET|POST,false,false,false,false,true,false,false,false,true,capability_off_unwired,2,src/modules/institution/tests/WeComCustomerContactReadonlyProofApiRoute.test.ts|src/modules/institution/tests/WeComCustomerContactReadonlyProofMockApiRoute.test.ts
api_route,src/app/api/institution/wecom-customer-mapping/route.ts,GET|POST,false,false,false,false,true,false,false,false,true,capability_off_unwired,3,src/modules/institution/tests/WeComCustomerMappingApiRoute.test.ts|src/modules/institution/tests/WeComCustomerMappingClient.test.ts|src/modules/institution/tests/WeComCustomerMappingPanel.test.tsx
api_route,src/app/api/institution/wecom-official-dry-run-config/evaluate/route.ts,none,false,false,true,false,false,false,false,false,false,versioned_reexport,0,
api_route,src/app/api/institution/wecom-official-dry-run-config/route.ts,GET|POST,false,false,false,false,true,false,false,false,true,capability_off_unwired,1,src/modules/institution/tests/WeComOfficialDryRunConfigApiRoute.test.ts
api_route,src/app/api/institution/wecom-official-dry-run-snapshot/route.ts,GET|POST,false,false,false,false,true,false,false,false,true,capability_off_unwired,1,src/modules/institution/tests/WeComDryRunSnapshotApiRoute.test.ts
api_route,src/app/api/institution/wecom-official-dry-run/evaluate/route.ts,POST,false,false,false,false,true,false,false,false,true,capability_off_unwired,1,src/modules/institution/tests/WeComOfficialDryRunApiRoute.test.ts
api_route,src/app/api/institution/wecom-official-dry-run/route.ts,GET,true,false,false,false,false,false,false,false,true,formal_guarded,5,src/app/api/institution/wecom-official-dry-run/route.test.ts|src/modules/institution/tests/V1WeComOfficialDryRunCompatibilityApiRoute.test.ts|src/modules/institution/tests/WeComDryRunSnapshotApiRoute.test.ts|src/modules/institution/tests/WeComOfficialDryRunApiRoute.test.ts|src/modules/institution/tests/WeComOfficialDryRunConfigApiRoute.test.ts
api_route,src/app/api/institution/wecom-official-internal-message-proof/route.ts,GET|POST,false,false,false,false,true,false,false,false,true,capability_off_unwired,1,src/modules/institution/tests/WeComOfficialInternalMessageProofApiRoute.test.ts
api_route,src/app/api/institution/wecom-official-secret-precheck/route.ts,GET|POST,false,false,false,false,true,false,false,false,true,capability_off_unwired,1,src/modules/institution/tests/WeComOfficialSecretPrecheckApiRoute.test.ts
api_route,src/app/api/institution/wecom/customer-mapping-candidates/route.ts,GET,true,false,false,false,false,false,false,false,true,formal_guarded,4,src/app/api/institution/wecom/customer-mapping-candidates/route.test.ts|src/modules/institution/tests/WeComCustomerMappingCandidatesApiRoute.test.ts|src/modules/institution/tests/WeComCustomerMappingCandidatesReadonlyPanel.test.tsx|src/modules/institution/tests/WeComCustomerMappingReadWriteBridge.test.ts
api_route,src/app/api/institution/wecom/customer-mapping-reviews/[mappingId]/actions/route.ts,POST,false,false,false,true,true,false,false,false,true,capability_off_unwired,3,src/modules/institution/tests/WeComCustomerMappingCandidatesApiRoute.test.ts|src/modules/institution/tests/WeComCustomerMappingReadWriteBridge.test.ts|src/modules/institution/tests/WeComCustomerMappingReviewActionsApiRoute.test.ts
api_route,src/app/api/institution/wecom/external-contacts/route.ts,GET,true,false,false,false,false,false,false,false,true,formal_guarded,3,src/app/api/institution/wecom/external-contacts/route.test.ts|src/modules/institution/tests/WeComExternalContactReadonlyApiRoute.test.ts|src/modules/institution/tests/WeComExternalContactReadonlyPanel.test.tsx
api_route,src/app/api/v1/institution/ai-models/route.ts,GET,false,false,false,false,false,false,false,true,false,demo_or_fixture,1,src/modules/institution/tests/InstitutionAiModelsRoute.test.ts
api_route,src/app/api/v1/institution/wecom-official-dry-run/route.ts,none,false,false,true,false,false,false,false,false,false,versioned_reexport,1,src/modules/institution/tests/V1WeComOfficialDryRunCompatibilityApiRoute.test.ts
page,src/app/hospital/[...slug]/page.tsx,server_render,true,false,false,true,false,false,false,false,true,formal_guarded_page,0,
page,src/app/hospital/page.tsx,server_render,true,false,false,false,false,false,false,false,true,formal_guarded_page,0,
