path,methods,section,object_type,dynamic_object,direct_db,demo_signal,high_risk_path,formal_guard_current,required_guard_chain,first_batch_eligible
src/app/api/institution/appointments/route.ts,UNKNOWN,care,care_task,false,false,false,false,false,scope+section,false
src/app/api/institution/customers/[customerId]/followup-feedback/route.ts,UNKNOWN,care,care_task,true,false,false,false,false,scope+section+action+object,false
src/app/api/institution/customers/[customerId]/treatment-summaries/route.ts,UNKNOWN,care,care_task,true,false,false,false,false,scope+section+action+object,false
src/app/api/institution/customers/[customerId]/wecom-reachout-safety/route.ts,UNKNOWN,customers,customer,true,false,false,false,false,scope+section+action+object,false
src/app/api/institution/customers/import/route.ts,UNKNOWN,customers,customer,false,false,false,false,false,scope+section,false
src/app/api/institution/customers/route.ts,UNKNOWN,customers,customer,false,false,false,false,false,scope+section,false
src/app/api/institution/dashboard-stats/route.ts,UNKNOWN,analytics,none,false,false,false,false,false,scope+section,false
src/app/api/institution/entitlement-usage/route.ts,GET,system,none,false,false,false,false,false,scope+section,true
src/app/api/institution/follow-up-path-analysis/route.ts,UNKNOWN,analytics,none,false,false,false,false,false,scope+section,false
src/app/api/institution/followup-message-drafts/[draftId]/approve/route.ts,UNKNOWN,care,care_task,true,false,false,false,false,scope+section+action+object,false
src/app/api/institution/followup-message-drafts/[draftId]/mark-sent/route.ts,UNKNOWN,care,care_task,true,false,false,false,false,scope+section+action+object,false
src/app/api/institution/followup-message-drafts/[draftId]/reject/route.ts,UNKNOWN,care,care_task,true,false,false,false,false,scope+section+action+object,false
src/app/api/institution/followup-message-drafts/[draftId]/route.ts,UNKNOWN,care,care_task,true,false,false,false,false,scope+section+action+object,false
src/app/api/institution/followup-message-drafts/[draftId]/wecom-controlled-reachout/route.ts,UNKNOWN,care,care_task,true,false,false,true,false,scope+section+action+object,false
src/app/api/institution/followup-message-drafts/[draftId]/wecom-customer-broadcast-task/route.ts,UNKNOWN,care,care_task,true,false,false,true,false,scope+section+action+object,false
src/app/api/institution/followup-message-drafts/route.ts,UNKNOWN,care,care_task,false,false,false,false,false,scope+section,false
src/app/api/institution/followup-message-templates/route.ts,UNKNOWN,care,care_task,false,false,false,false,false,scope+section,false
src/app/api/institution/followup-paths/enrollments/[enrollmentId]/cancel/route.ts,UNKNOWN,care,care_task,true,false,false,false,false,scope+section+action+object,false
src/app/api/institution/followup-paths/enrollments/[enrollmentId]/route.ts,GET,care,care_task,true,false,false,false,false,scope+section+action+object,false
src/app/api/institution/followup-paths/enrollments/route.ts,GET|POST,care,care_task,false,false,false,false,false,scope+section+action,false
src/app/api/institution/followup-paths/templates/route.ts,UNKNOWN,care,care_task,false,false,false,false,false,scope+section,false
src/app/api/institution/followups/route.ts,UNKNOWN,care,care_task,false,false,false,false,false,scope+section,false
src/app/api/institution/his-connections/[connectionId]/credentials/clear/route.ts,POST,system,none,true,false,false,true,false,scope+section+action+object,false
src/app/api/institution/his-connections/[connectionId]/credentials/revoke/route.ts,POST,system,none,true,false,false,true,false,scope+section+action+object,false
src/app/api/institution/his-connections/[connectionId]/credentials/rotate/route.ts,POST,system,none,true,false,false,true,false,scope+section+action+object,false
src/app/api/institution/his-connections/[connectionId]/credentials/route.ts,PATCH|POST,system,none,true,false,false,true,false,scope+section+action+object,false
src/app/api/institution/his-connections/[connectionId]/pause/route.ts,POST,system,none,true,false,false,true,false,scope+section+action+object,false
src/app/api/institution/his-connections/[connectionId]/resume/route.ts,POST,system,none,true,false,false,true,false,scope+section+action+object,false
src/app/api/institution/his-connections/[connectionId]/revoke/route.ts,POST,system,none,true,false,false,true,false,scope+section+action+object,false
src/app/api/institution/his-connections/[connectionId]/route.ts,DELETE|GET|PATCH,system,none,true,false,false,true,false,scope+section+action+object,false
src/app/api/institution/his-connections/[connectionId]/test-connection/route.ts,POST,system,none,true,false,false,true,false,scope+section+action+object,false
src/app/api/institution/his-connections/route.ts,GET|POST,system,none,false,false,false,true,false,scope+section+action,false
src/app/api/institution/knowledge-management/ai-call/route.ts,POST,knowledge,knowledge_item,false,false,false,false,false,scope+section+action,false
src/app/api/institution/knowledge-management/ai-call/usage/route.ts,GET,knowledge,knowledge_item,false,false,false,false,false,scope+section,true
src/app/api/institution/knowledge-management/answer/route.ts,POST,knowledge,knowledge_item,false,false,false,false,false,scope+section+action,false
src/app/api/institution/knowledge-management/indexing-jobs/[jobId]/cancel/route.ts,UNKNOWN,knowledge,knowledge_item,true,false,false,true,false,scope+section+action+object,false
src/app/api/institution/knowledge-management/indexing-jobs/[jobId]/route.ts,UNKNOWN,knowledge,knowledge_item,true,false,false,true,false,scope+section+action+object,false
src/app/api/institution/knowledge-management/indexing-jobs/route.ts,UNKNOWN,knowledge,knowledge_item,false,false,false,true,false,scope+section,false
src/app/api/institution/knowledge-management/items/[knowledgeId]/files/[fileId]/download/route.ts,UNKNOWN,knowledge,knowledge_item,true,false,false,true,false,scope+section+action+object,false
src/app/api/institution/knowledge-management/items/[knowledgeId]/files/[fileId]/embeddings/route.ts,UNKNOWN,knowledge,knowledge_item,true,false,false,true,false,scope+section+action+object,false
src/app/api/institution/knowledge-management/items/[knowledgeId]/files/[fileId]/parse/chunks/route.ts,UNKNOWN,knowledge,knowledge_item,true,false,false,true,false,scope+section+action+object,false
src/app/api/institution/knowledge-management/items/[knowledgeId]/files/[fileId]/parse/route.ts,UNKNOWN,knowledge,knowledge_item,true,false,false,true,false,scope+section+action+object,false
src/app/api/institution/knowledge-management/items/[knowledgeId]/files/route.ts,UNKNOWN,knowledge,knowledge_item,true,false,false,false,false,scope+section+action+object,false
src/app/api/institution/knowledge-management/items/route.ts,GET|PATCH|POST,knowledge,knowledge_item,false,false,false,false,false,scope+section+action,false
src/app/api/institution/knowledge-management/qa/audits/route.ts,UNKNOWN,knowledge,knowledge_item,false,false,false,false,false,scope+section,false
src/app/api/institution/knowledge-management/qa/route.ts,POST,knowledge,knowledge_item,false,false,false,false,false,scope+section+action,false
src/app/api/institution/knowledge-management/retrieval/route.ts,GET,knowledge,knowledge_item,false,false,false,false,false,scope+section,true
src/app/api/institution/knowledge-management/search/route.ts,GET,knowledge,knowledge_item,false,false,false,false,false,scope+section,true
src/app/api/institution/knowledge-management/upload/route.ts,UNKNOWN,knowledge,knowledge_item,false,false,false,true,false,scope+section,false
src/app/api/institution/knowledge-management/vector-search/route.ts,GET,knowledge,knowledge_item,false,false,false,false,false,scope+section,true
src/app/api/institution/opportunities/route.ts,UNKNOWN,customers,customer,false,false,false,false,false,scope+section,false
src/app/api/institution/real-channel-preflight/evaluate/route.ts,UNKNOWN,system,none,false,false,false,true,false,scope+section,false
src/app/api/institution/real-channel-preflight/route.ts,UNKNOWN,system,none,false,false,false,true,false,scope+section,false
src/app/api/institution/safety-switch/route.ts,UNKNOWN,system,none,false,false,false,false,false,scope+section,false
src/app/api/institution/treatment-summaries/[summaryId]/follow-up-tasks/route.ts,POST,care,care_task,true,false,false,false,false,scope+section+action+object,false
src/app/api/institution/treatment-summaries/[summaryId]/route.ts,PATCH,care,care_task,true,false,false,false,false,scope+section+action+object,false
src/app/api/institution/treatment-summaries/[summaryId]/void/route.ts,UNKNOWN,care,care_task,true,false,false,false,false,scope+section+action+object,false
src/app/api/institution/wecom-customer-contact-precheck/route.ts,UNKNOWN,conversations,conversation,false,false,false,false,false,scope+section,false
src/app/api/institution/wecom-customer-contact-readonly-proof-mock/route.ts,UNKNOWN,conversations,conversation,false,false,false,false,false,scope+section,false
src/app/api/institution/wecom-customer-contact-readonly-proof/route.ts,UNKNOWN,conversations,conversation,false,false,false,false,false,scope+section,false
src/app/api/institution/wecom-customer-mapping/route.ts,UNKNOWN,conversations,conversation,false,false,false,false,false,scope+section,false
src/app/api/institution/wecom-official-dry-run-config/evaluate/route.ts,UNKNOWN,conversations,conversation,false,false,false,false,false,scope+section,false
src/app/api/institution/wecom-official-dry-run-config/route.ts,UNKNOWN,conversations,conversation,false,false,false,false,false,scope+section,false
src/app/api/institution/wecom-official-dry-run-snapshot/route.ts,UNKNOWN,conversations,conversation,false,false,false,false,false,scope+section,false
src/app/api/institution/wecom-official-dry-run/evaluate/route.ts,UNKNOWN,conversations,conversation,false,false,false,false,false,scope+section,false
src/app/api/institution/wecom-official-dry-run/route.ts,UNKNOWN,conversations,conversation,false,false,false,false,false,scope+section,false
src/app/api/institution/wecom-official-internal-message-proof/route.ts,UNKNOWN,conversations,conversation,false,false,false,true,false,scope+section,false
src/app/api/institution/wecom-official-secret-precheck/route.ts,UNKNOWN,conversations,conversation,false,false,false,true,false,scope+section,false
src/app/api/institution/wecom/customer-mapping-candidates/route.ts,UNKNOWN,conversations,conversation,false,false,false,false,false,scope+section,false
src/app/api/institution/wecom/customer-mapping-reviews/[mappingId]/actions/route.ts,UNKNOWN,conversations,conversation,true,false,false,true,false,scope+section+action+object,false
src/app/api/institution/wecom/external-contacts/route.ts,UNKNOWN,conversations,conversation,false,false,false,false,false,scope+section,false
src/app/api/v1/institution/ai-models/route.ts,GET,system,none,false,false,false,false,false,scope+section,true
src/app/api/v1/institution/wecom-official-dry-run/route.ts,UNKNOWN,conversations,conversation,false,false,false,false,false,scope+section,false
